case,iterate,J_exact_autograd,J_numba,J_diff,discrete_projected_residual,midpoint_projected_residual,max_abs_discrete_vs_midpoint_grad,u_exposure
A_AT_dt0.5_safe0,u,146.06245761856627,146.06245761856627,0.0,0.003911610108426888,0.005267897374963693,0.004019841600966245,6.775567211385942
A_AT_dt0.5_safe0,u_last,146.062476633305,146.062476633305,0.0,0.009514152312589674,9.826036822313533e-06,0.0039747667540346865,6.769730875924777
A_half_dt0.5_safe0,u,145.53918860033113,145.53918860033113,0.0,0.01812115031042616,0.001096573939988521,0.00768708970016585,7.792318907498809
A_half_dt0.5_safe0,u_last,145.53921692211355,145.53921692211355,0.0,0.019339379653835476,1.0481781326454609e-05,0.007739944574064739,7.792318964890708
B_AT_dt0.5_safe0,u,150.71237748615337,150.71237748615337,0.0,9.237081921167456e-06,9.237081921167456e-06,0.00010810351105394744,9.237081921167454e-06
B_AT_dt0.5_safe0,u_last,150.71237748615337,150.71237748615337,0.0,9.237081921167456e-06,9.237081921167456e-06,0.00010810351105394744,9.237081921167454e-06
C_MTD_dt0.5_safe0,u,129.14596842765422,129.14596842765422,0.0,0.0001423592776540472,9.238506111022837e-06,0.0053621512830102636,21.632383399471422
C_MTD_dt0.5_safe0,u_last,129.14596842765422,129.14596842765422,0.0,0.0001423592776540472,9.238506111022837e-06,0.0053621512830102636,21.632383399471422
B_half_dt0.5_safe1000,u,155.0027431901363,155.0027431901363,0.0,0.001154412982284896,0.001154412982284896,0.00013011215576652635,0.34297367920106514
B_half_dt0.5_safe1000,u_last,157.07932269943205,157.07932269943205,0.0,0.0017285598515299101,0.0017285598515299101,0.00013994471429867872,0.5169862659869402
