case,interval,u,grad_J_per_dt_num,grad_hamiltonian,absdiff
A_AT_dt0.5_safe0,0,5.803606563106941e-12,3.123410528225869,3.1234086268121977,1.9014136714012864e-06
A_AT_dt0.5_safe0,12,5.803606563106941e-12,3.075390168784558,3.075388679147435,1.4896371229866645e-06
A_AT_dt0.5_safe0,30,5.803606563106941e-12,3.0105148671323496,3.0105137602601864,1.1068721632589984e-06
A_AT_dt0.5_safe0,160,0.6519245904792043,0.0015647287909364674,-0.002107158949985477,0.0036718877409219444
A_AT_dt0.5_safe0,250,1.7607203125932098e-11,0.9682088431243345,0.9682084493889965,3.9373533800013405e-07
A_AT_dt0.5_safe0,400,5.803606563106941e-12,1.1201702041444677,1.120169452679774,7.514646935824487e-07
A_MTD_dt0.5_safe0,0,5.828219222556645e-14,0.4874119383800403,0.4891301085390032,0.0017181701589628617
A_MTD_dt0.5_safe0,12,1.0,-0.26907991922734475,-0.2693246833113466,0.00024476408400186944
A_MTD_dt0.5_safe0,30,4.381540948505522e-14,0.9072554860653927,0.9074400378104206,0.00018455174502785
A_MTD_dt0.5_safe0,160,1.4412084740312045e-15,1.190794419574592,1.1907929983771373,1.421197454831713e-06
A_MTD_dt0.5_safe0,250,1.3906031039061195e-15,1.180726881734415,1.180725851633573,1.0301008419588698e-06
A_MTD_dt0.5_safe0,400,1.3856254941551055e-15,1.3064787349408697,1.3064777690968992,9.658439705795274e-07
A_half_dt0.5_safe0,0,8.214587476306502e-08,0.8232931395733897,0.8248461530888963,0.0015530135155066294
A_half_dt0.5_safe0,12,0.9999999952195596,-0.31674665671733077,-0.3169488783408004,0.0002022216234696117
A_half_dt0.5_safe0,30,1.6179863569251561e-07,0.8669601290685125,0.8671635696895987,0.00020344062108623717
A_half_dt0.5_safe0,160,4.981048709901349e-09,1.1883017264246483,1.1883011670417476,5.59382900666705e-07
A_half_dt0.5_safe0,250,4.798406407176397e-09,1.1782988475006912,1.1782984313458462,4.161548450287711e-07
A_half_dt0.5_safe0,400,4.780454393659762e-09,1.3043088187147143,1.304308404333796,4.1438091824552714e-07
B_AT_dt0.5_safe0,0,0.0,26.404556422221503,26.404559236951723,2.814730219569128e-06
B_AT_dt0.5_safe0,12,0.0,25.81475200713612,25.814755525709614,3.51857349301099e-06
B_AT_dt0.5_safe0,30,0.0,24.93561544270051,24.935618994283907,3.5515833971544453e-06
B_AT_dt0.5_safe0,160,0.0,18.76065130090865,18.760653662884824,2.361976175535574e-06
B_AT_dt0.5_safe0,250,0.0,14.683376036828122,14.683377379020953,1.342192831543798e-06
B_AT_dt0.5_safe0,400,0.0,8.309174290843657,8.309174118960321,1.7188333600870465e-07
B_MTD_dt0.5_safe0,0,4.001294907408747e-08,26.403831744089526,26.4038348768301,3.1327405736192304e-06
B_MTD_dt0.5_safe0,12,8.543560671254144e-06,25.813836941779297,25.813835937604374,1.0041749227696073e-06
B_MTD_dt0.5_safe0,30,7.716051905611431e-07,24.934971019663553,24.93497142195396,4.0229040720873854e-07
B_MTD_dt0.5_safe0,160,3.456313332143251e-08,18.760281716388498,18.760283732103378,2.0157148803434666e-06
B_MTD_dt0.5_safe0,250,3.446901059660988e-08,14.683124005638847,14.68312563587401,1.630235162863869e-06
B_MTD_dt0.5_safe0,400,3.446734090104849e-08,8.309041552961325,8.309041570029608,1.7068282787136013e-08
B_half_dt0.5_safe0,0,3.719835174510827e-08,26.403818186078542,26.403821042085937,2.8560073950245624e-06
B_half_dt0.5_safe0,12,9.42954795825794e-06,25.813789619633084,25.813788589444567,1.030188517603392e-06
B_half_dt0.5_safe0,30,9.635628932999072e-07,24.9349225443492,24.934922009500546,5.348486524781038e-07
B_half_dt0.5_safe0,160,3.732257573458028e-08,18.760259916132828,18.760262035399524,2.119266696354316e-06
B_half_dt0.5_safe0,250,3.720062274375612e-08,14.683107621718152,14.683108994509709,1.372791556875086e-06
B_half_dt0.5_safe0,400,3.7198352630571864e-08,8.309033471011238,8.309033371004405,1.0000683303701408e-07
C_AT_dt0.5_safe0,0,0.999995934513906,-0.2593338592685546,-0.26469589310172487,0.005362033833170243
C_AT_dt0.5_safe0,12,0.999995934513906,-0.26997497570070134,-0.2699014287945946,7.35469061067251e-05
C_AT_dt0.5_safe0,30,0.6677717897575104,-2.9700686353918124e-05,2.1719130603725656e-06,3.187259941429069e-05
C_AT_dt0.5_safe0,160,1.3715537179270721e-06,0.0678400340348162,0.06783994540161761,8.863319858609664e-08
C_AT_dt0.5_safe0,250,4.865538047039794e-07,0.16808925511012318,0.16808900585489053,2.492552326482933e-07
C_AT_dt0.5_safe0,400,2.208390624503427e-07,0.3544519818595302,0.35445194006191494,4.1797615257799237e-08
C_MTD_dt0.5_safe0,0,1.0,-0.25933343294291317,-0.26469590092265777,0.005362467979744601
C_MTD_dt0.5_safe0,12,1.0,-0.2699737251454864,-0.2698999195051897,7.38056402966869e-05
C_MTD_dt0.5_safe0,30,0.6677632848757682,-3.2287061912010516e-05,-2.578287392751566e-07,3.202923317273536e-05
C_MTD_dt0.5_safe0,160,1.586975879662277e-06,0.06783992034797849,0.0678398432785582,7.706942029006569e-08
C_MTD_dt0.5_safe0,250,4.988988447534082e-07,0.16808845899736374,0.16808841295062255,4.604674119779162e-08
C_MTD_dt0.5_safe0,400,2.8394376969811005e-07,0.35445026501071597,0.3544502816575146,1.664679860624574e-08
C_half_dt0.5_safe0,0,0.9999997105460469,-0.25933396273451137,-0.2646958908265824,0.005361928092071033
C_half_dt0.5_safe0,12,0.9999997105460469,-0.2699737820256759,-0.26990001642599015,7.376559968574892e-05
C_half_dt0.5_safe0,30,0.6677639021233087,-3.208810994600341e-05,-7.887068989576029e-08,3.200923925610765e-05
C_half_dt0.5_safe0,160,1.6254831009516007e-06,0.06783980666114076,0.06783984667693495,4.0015794192105325e-08
C_half_dt0.5_safe0,250,5.112560023429039e-07,0.16808828402680479,0.16808834591132257,6.18845177879912e-08
C_half_dt0.5_safe0,400,2.9112755681817714e-07,0.3544502253987992,0.3544500200614497,2.0533734951255767e-07
