protocol,quantity,RK4,DOP853,abs_difference
MTD-like continuous,A_N,15.042882411958015,15.042882413194176,1.236161395468116e-09
MTD-like continuous,A_R,12.487792398669791,12.487792399542263,8.724718725261482e-10
MTD-like continuous,A_u,300.0,300.00000000000006,5.684341886080802e-14
MTD-like continuous,N_T,0.04973354689482079,0.049733546898302124,3.4813332772110073e-12
MTD-like continuous,R_T,0.04973354689482078,0.04973354689830212,3.4813332772110073e-12
MTD-like continuous,phi_R_T,0.9999999999999999,0.9999999999999999,0.0
Threshold AT (event localized),A_N,149.23396894725386,149.23396899100612,4.375226581032621e-08
Threshold AT (event localized),A_R,7.271714704014693,7.271714723728566,1.9713873200544185e-08
Threshold AT (event localized),A_u,0.5131123625207694,0.5131121369776395,2.2554312995026748e-07
Threshold AT (event localized),N_T,0.49510470615954555,0.4951047061822898,2.2744250927075882e-11
Threshold AT (event localized),R_T,0.028238997338475118,0.028238997466950855,1.2847573699348303e-10
Threshold AT (event localized),phi_R_T,0.05703641469603646,0.057036414952908364,2.5687190569056995e-10
Fixed intermittent 14/14,A_N,15.721879715692747,15.721879715756565,6.38173958122934e-11
Fixed intermittent 14/14,A_R,12.556549714846257,12.556549714898434,5.217692944370356e-11
Fixed intermittent 14/14,A_u,154.00000000000077,154.00000000000003,7.389644451905042e-13
Fixed intermittent 14/14,N_T,0.050101282528484024,0.050101282528690796,2.067720994425315e-13
Fixed intermittent 14/14,R_T,0.0501012825228759,0.05010128252308267,2.067720994425315e-13
Fixed intermittent 14/14,phi_R_T,0.9999999998880642,0.9999999998880642,0.0
Normalized Stupp-like 5/23,A_N,19.81532530300592,19.81532528484536,1.816055927861271e-08
Normalized Stupp-like 5/23,A_R,12.684727767729035,12.684727769679983,1.9509478477175435e-09
Normalized Stupp-like 5/23,A_u,54.99999999999901,55.00000000000001,9.947598300641403e-13
Normalized Stupp-like 5/23,N_T,0.05115102970389377,0.0511510297093767,5.482926612732086e-12
Normalized Stupp-like 5/23,R_T,0.05114957508526826,0.051149575090709935,5.441674888473358e-12
Normalized Stupp-like 5/23,phi_R_T,0.9999715622806827,0.9999715622798793,8.034684029212258e-13
