rho_R,dt,initialization,J,A_N,A_R,A_u,N_T,R_T,phi_R_T,iterations,returned_control_projected_residual,pre_update_iteration_residual
0.005,0.5,AT,144.72647193318386,71.54956042184969,10.091261923426991,8.684625518917041,0.15949327291337065,0.042767380604131926,0.26814535699797937,877,9.803768498795051e-06,9.922493252045861e-06
0.005,0.5,half,145.16466946499267,13.259777627337687,10.664252962850194,106.86130053756892,0.03970057585895667,0.03970057583344774,0.9999999993574671,214,9.517040721940262e-06,9.934849284354286e-06
0.005,0.5,MTD,145.16463933427656,13.25976780009054,10.664251500773124,106.86122990439753,0.039700569866940774,0.03970056984143188,0.9999999993574679,226,9.055612903213424e-06,9.532653102511772e-06
0.005,0.25,AT,145.16456368985695,13.264193842324893,10.664288389931341,106.85517312960503,0.039701205154436155,0.039701205128899825,0.9999999993567871,835,9.6120368300312e-06,9.901108454668517e-06
0.005,0.25,half,145.16456373014785,13.264193838985133,10.664288389795294,106.85517398268341,0.03970120509534671,0.03970120506981039,0.9999999993567872,343,9.540956035336556e-06,9.8276356769178e-06
0.0055,0.5,AT,143.35521224858738,12.98737500483895,10.399390001104994,112.56085879771803,0.038255102706007384,0.038255102692343355,0.9999999996428182,526,9.170304265615492e-06,9.652951858507564e-06
0.0055,0.5,half,143.3552440477336,12.987383650285897,10.399390637599842,112.56156795783691,0.038255051227234264,0.03825505121357305,0.9999999996428913,213,9.240603516036394e-06,9.643940020120922e-06
0.0055,0.5,MTD,143.35521186374666,12.987373232948597,10.39938935797509,112.5614420452778,0.03825504987221197,0.03825504985855059,0.999999999642887,226,9.042502941259724e-06,9.5188749504602e-06
0.0055,0.25,AT,143.3551841352326,12.987365033655042,10.399385720323087,112.5607995561396,0.038255091794594104,0.038255091780929756,0.9999999996428097,475,9.427352394397737e-06,9.92352883621983e-06
0.0055,0.25,half,143.3551926075803,12.987367405525827,10.399385821621994,112.56098284776435,0.03825507844760987,0.038255078433946245,0.9999999996428285,239,9.48448057003226e-06,9.983663757928696e-06
