nan,nan,nan,nan,nan,nan,nan,nan,nan,nan,nan,nan,nan,nan,nan,nan,9.714928732183046804e+02,9.217304326081521140e+02,8.732183045761440781e+02,8.264566141535384531e+02,7.806951737934483617e+02,7.364341085271317979e+02,6.931732933233308813e+02,6.509127281820456119e+02,6.096524131032758760e+02,5.693923480870217873e+02,5.298824706176544623e+02,4.911227806951738444e+02,4.531132783195799334e+02,4.158539634908727294e+02,3.793448362090522892e+02,3.433358339584896726e+02,3.078269567391848227e+02,2.730682670667667367e+02,2.385596399099775056e+02,2.048012003000750383e+02,1.712928232058014544e+02,1.382845711427856941e+02,1.055263815953988598e+02,7.326831707926982062e+01,4.126031507876969329e+01,9.502375593898475969e+00,8.329582395598899893e+02,8.087021755438860282e+02,7.849462365591398338e+02,8.254563640910228060e+02,8.024506126531633754e+02,7.799449862465617116e+02,8.172043010752688588e+02,7.954488622155539588e+02
nan,nan,nan,nan,nan,nan,nan,nan,nan,nan,nan,nan,nan,nan,nan,nan,9.682420605151288555e+02,9.184796199049762890e+02,8.702175543885972502e+02,8.234558639659915116e+02,7.779444861215304172e+02,7.334333583395849701e+02,6.904226056514129368e+02,6.481620405101275537e+02,6.071517879469868149e+02,5.668917229307327261e+02,5.273818454613654012e+02,4.888722180545136666e+02,4.508627156789197556e+02,4.136034008502126085e+02,3.770942735683921114e+02,3.413353338334583782e+02,3.058264566141535852e+02,2.710677669417354423e+02,2.365591397849462396e+02,2.028007001750437723e+02,1.692923230807702168e+02,1.362840710177544565e+02,1.035258814703675938e+02,7.126781695423856888e+01,3.950987746936734624e+01,7.751937984496124479e+00,8.299574893723431614e+02,8.059514878719680837e+02,7.819454863715930060e+02,8.224556139034759781e+02,7.996999249812453172e+02,7.771942985746437671e+02,8.142035508877220309e+02,7.926981745436360143e+02
nan,nan,nan,nan,nan,nan,nan,nan,nan,nan,nan,nan,nan,nan,nan,nan,9.647411852963241472e+02,9.152288072018004641e+02,8.669667416854214252e+02,8.204551137784446837e+02,7.749437359339835893e+02,7.306826706676670256e+02,6.876719179794948786e+02,6.456614153538384926e+02,6.046511627906977537e+02,5.643910977744436650e+02,5.251312828207052235e+02,4.863715928982246055e+02,4.486121530382595779e+02,4.116029007251813141e+02,3.750937734433608739e+02,3.390847711927982004e+02,3.038259564891222908e+02,2.688172043010752645e+02,2.345586396599150021e+02,2.008002000500125064e+02,1.672918229557389509e+02,1.342835708927231906e+02,1.017754438609652539e+02,6.951737934483621473e+01,3.750937734433608739e+01,6.001500375093773876e+00,8.269567391847962199e+02,8.029507376844211421e+02,7.791947986996749478e+02,8.194548637159290365e+02,7.966991747936984893e+02,7.741935483870968255e+02,8.112028007001750893e+02,7.896974243560890727e+02
nan,nan,nan,nan,nan,nan,nan,nan,nan,nan,nan,nan,nan,nan,nan,nan,9.614903725931483223e+02,9.119779944986247529e+02,8.639659914978744837e+02,8.174543635908977421e+02,7.719429857464366478e+02,7.279319829957489674e+02,6.849212303075769341e+02,6.429107276819205481e+02,6.019004751187796955e+02,5.618904726181546039e+02,5.226306576644161623e+02,4.841210302575644278e+02,4.463615903975994570e+02,4.093523380845211364e+02,3.728432108027006961e+02,3.368342085521380795e+02,3.015753938484621131e+02,2.668167041760440270e+02,2.325581395348837361e+02,1.987996999249812689e+02,1.655413853463365967e+02,1.325331332833208364e+02,9.977494373593398791e+01,6.776694173543386057e+01,3.575893973493373323e+01,4.251062765691423273e+00,8.239559889972493920e+02,7.999499874968743143e+02,7.761940485121281199e+02,8.164541135283822086e+02,7.936984246061515478e+02,7.714428607151788810e+02,8.084521130282571448e+02,7.869467366841711282e+02
nan,nan,nan,nan,nan,nan,nan,nan,nan,nan,nan,nan,nan,nan,nan,nan,9.579894973743436140e+02,9.087271817954489279e+02,8.607151787946987724e+02,8.144536134033509143e+02,7.691922980745187033e+02,7.251812953238310229e+02,6.821705426356589896e+02,6.404101025256314870e+02,5.993998499624906344e+02,5.593898474618655428e+02,5.201300325081271012e+02,4.818704676169042500e+02,4.441110277569392792e+02,4.071017754438610154e+02,3.705926481620405184e+02,3.348337084271067852e+02,2.995748937234308755e+02,2.648162040510127895e+02,2.305576394098524702e+02,1.967991997999500029e+02,1.635408852213053308e+02,1.305326331582895705e+02,9.802450612653163375e+01,6.576644161040260883e+01,3.400850212553138618e+01,2.500625156289072670e+00,8.209552388097024505e+02,7.969492373093273727e+02,7.734433608402100617e+02,8.134533633408352671e+02,7.909477369342336033e+02,7.684421105276319395e+02,8.054513628407102033e+02,7.839459864966241867e+02
nan,nan,nan,nan,nan,nan,nan,nan,nan,nan,nan,nan,nan,nan,nan,nan,9.547386846711679027e+02,9.054763690922731030e+02,8.577144286071518309e+02,8.114528632158039727e+02,7.661915478869717617e+02,7.224306076519130784e+02,6.796699174793699285e+02,6.376594148537134288e+02,5.968992248062015733e+02,5.568892223055764816e+02,5.178794698674669235e+02,4.793698424606151889e+02,4.418604651162791015e+02,4.048512128032008377e+02,3.683420855213803975e+02,3.325831457864466074e+02,2.975743935983996380e+02,2.628157039259814951e+02,2.285571392848212326e+02,1.947986996749187369e+02,1.615403850962740933e+02,1.285321330332583329e+02,9.602400600150038201e+01,6.401600400100025468e+01,3.225806451612903203e+01,5.001250312578144896e-01,8.179544886221556226e+02,7.941985496374094282e+02,7.704426106526632339e+02,8.104526131532883255e+02,7.879469867466867754e+02,7.656914228557139950e+02,8.024506126531633754e+02,7.809452363090773588e+02
nan,nan,nan,nan,nan,nan,nan,nan,nan,nan,nan,nan,nan,nan,nan,nan,9.514878719679920778e+02,9.022255563890973917e+02,8.547136784196050030e+02,8.084521130282571448e+02,7.634408602150538172e+02,7.196799199799950202e+02,6.769192298074518703e+02,6.351587896974243677e+02,5.943985996499125122e+02,5.543885971492873068e+02,5.153788447111778623e+02,4.771192798199550111e+02,4.396099024756189237e+02,4.026006501625406599e+02,3.663415853963491031e+02,3.305826456614153699e+02,2.953238309577394602e+02,2.608152038009502576e+02,2.265566391597899667e+02,1.927981995498874994e+02,1.595398849712428273e+02,1.267816954238559788e+02,9.427356839209802786e+01,6.201550387596899583e+01,3.025756439109777673e+01,7.714428607151788810e+02,8.152038009502375644e+02,7.911977994498624867e+02,7.676919229807452894e+02,8.077019254813703810e+02,7.849462365591398338e+02,8.212053013253314475e+02,7.994498624656164338e+02,7.781945486371593006e+02
nan,nan,nan,nan,nan,nan,nan,nan,nan,nan,nan,nan,nan,nan,nan,9.987496874218555831e+02,9.479869967491873695e+02,8.989747436859215668e+02,8.514628657164291781e+02,8.054513628407102033e+02,7.604401100275068757e+02,7.169292323080770757e+02,6.741685421355339258e+02,6.326581645411353065e+02,5.918979744936234511e+02,5.521380345086272428e+02,5.131282820705176846e+02,4.748687171792948334e+02,4.371092773193298626e+02,4.003500875218804822e+02,3.640910227556889254e+02,3.283320830207551921e+02,2.933233308327082227e+02,2.588147036759190200e+02,2.245561390347587007e+02,1.910477619404851453e+02,1.577894473618404731e+02,1.247811952988247128e+02,9.227306826706677612e+01,6.026506626656664878e+01,2.850712678169542613e+01,7.684421105276319395e+02,8.122030507626907365e+02,7.881970492623156588e+02,7.646911727931983478e+02,8.047011752938235531e+02,7.821955488872218893e+02,8.182045511377845060e+02,7.966991747936984893e+02,7.751937984496124727e+02
nan,nan,nan,nan,nan,nan,nan,nan,nan,nan,nan,nan,nan,nan,nan,9.952488122030508748e+02,9.447361840460115445e+02,8.959739934983746252e+02,8.484621155288822365e+02,8.024506126531633754e+02,7.576894223555889312e+02,7.141785446361591312e+02,6.714178544636159813e+02,6.299074768692173620e+02,5.893973493373343899e+02,5.496374093523380679e+02,5.106276569142285666e+02,4.723680920230057723e+02,4.348587146786696849e+02,3.980995248812203613e+02,3.618404601150288045e+02,3.263315828957239546e+02,2.913228307076769283e+02,2.565641410352588423e+02,2.225556389097274348e+02,1.890472618154538793e+02,1.557889472368092072e+02,1.230307576894223587e+02,9.052263065766442196e+01,5.851462865716429462e+01,2.675668917229307553e+01,7.656914228557139950e+02,8.092023005751437950e+02,7.854463615903976006e+02,8.244561140285071588e+02,8.017004251062766116e+02,7.791947986996749478e+02,8.152038009502375644e+02,7.936984246061515478e+02,7.724431107776945282e+02
nan,nan,nan,nan,nan,nan,nan,nan,nan,nan,nan,nan,nan,nan,nan,9.917479369842461665e+02,9.414853713428358333e+02,8.927231807951989140e+02,8.454613653413354086e+02,7.994498624656164338e+02,7.549387346836709867e+02,7.114278569642410730e+02,6.689172293073269202e+02,6.274068517129283009e+02,5.868967241810453288e+02,5.471367841960490068e+02,5.083770942735684457e+02,4.701175293823455945e+02,4.326081520380095071e+02,3.958489622405601835e+02,3.598399599899975101e+02,3.240810202550637769e+02,2.890722680670167506e+02,2.545636409102275763e+02,2.205551387846961973e+02,1.870467616904226134e+02,1.537884471117779697e+02,1.210302575643911069e+02,8.877219304826206780e+01,5.651412853213303578e+01,2.500625156289072493e+01,8.302075518879720448e+02,8.062015503875969671e+02,7.824456114028507727e+02,8.214553638409603309e+02,7.986996749187297837e+02,7.764441110277570033e+02,8.122030507626907365e+02,7.906976744186047199e+02,7.696924231057764700e+02
nan,nan,nan,nan,nan,nan,nan,nan,nan,nan,nan,nan,nan,nan,nan,9.882470617654414582e+02,9.382345586396600083e+02,8.894723680920230890e+02,8.424606151537884671e+02,7.966991747936984893e+02,7.519379844961240451e+02,7.086771692923231285e+02,6.661665416354088620e+02,6.249062265566392398e+02,5.843960990247562677e+02,5.446361590397599457e+02,5.058764691172793846e+02,4.678669667416854736e+02,4.303575893973493862e+02,3.938484621155288892e+02,3.575893973493373323e+02,3.220805201300325393e+02,2.870717679419855131e+02,2.525631407851963104e+02,2.185546386596649313e+02,1.850462615653913474e+02,1.520380095023756155e+02,1.192798199549887528e+02,8.677169292323081606e+01,5.476369092273068873e+01,2.300575143785946608e+01,8.272068017004252169e+02,8.032008002000500255e+02,7.796949237309328282e+02,8.184546136534133893e+02,7.959489872468117255e+02,7.734433608402100617e+02,8.094523630907727920e+02,7.879469867466867754e+02,7.666916729182296422e+02
nan,nan,nan,nan,nan,nan,nan,nan,nan,nan,nan,nan,nan,nan,nan,9.847461865466367499e+02,9.347336834208553000e+02,8.864716179044761475e+02,8.394598649662416392e+02,7.936984246061515478e+02,7.491872968242061006e+02,7.059264816204051840e+02,6.636659164791198009e+02,6.221555388847211816e+02,5.818954738684672066e+02,5.423855963990997680e+02,5.036259064766192068e+02,4.656164041010252959e+02,4.281070267566892085e+02,3.915978994748687683e+02,3.555888972243060948e+02,3.200800200050013018e+02,2.850712678169542755e+02,2.505626406601650729e+02,2.165541385346336654e+02,1.830457614403601099e+02,1.500375093773443496e+02,1.172793198299575010e+02,8.502125531382846191e+01,5.301325331332833457e+01,2.125531382845711548e+01,8.244561140285071588e+02,8.004501125281320810e+02,7.766941735433858867e+02,8.157039259814954448e+02,7.929482370592648977e+02,7.706926731682921172e+02,8.064516129032258505e+02,7.849462365591398338e+02,7.639409852463115840e+02
nan,nan,nan,nan,nan,nan,nan,nan,nan,nan,nan,nan,nan,nan,nan,9.814953738434609249e+02,9.314828707176794751e+02,8.832208052013004362e+02,8.364591147786946976e+02,7.906976744186047199e+02,7.464366091522881561e+02,7.031757939484871258e+02,6.609152288072018564e+02,6.196549137284321205e+02,5.793948487121780317e+02,5.398849712428107068e+02,5.011252813203301457e+02,4.631157789447362347e+02,4.258564641160290307e+02,3.893473368342085905e+02,3.533383345836459171e+02,3.178294573643411240e+02,2.830707676919229812e+02,2.485621405351338069e+02,2.145536384096024278e+02,1.810452613153288439e+02,1.480370092523130836e+02,1.152788197049262351e+02,8.302075518879721017e+01,5.101275318829707572e+01,1.950487621905476487e+01,8.214553638409603309e+02,7.974493623405852532e+02,7.739434858714679422e+02,8.127031757939485033e+02,7.901975493873468395e+02,7.679419854963741727e+02,8.034508627156790226e+02,7.821955488872218893e+02,8.147036759189797976e+02
nan,nan,nan,nan,nan,nan,nan,nan,nan,nan,nan,nan,nan,nan,nan,9.779944986246562166e+02,9.282320580145036502e+02,8.802200550137534947e+02,8.332083020755189864e+02,7.879469867466867754e+02,7.434358589647412145e+02,7.004251062765691813e+02,6.581645411352839119e+02,6.171542885721430594e+02,5.768942235558889706e+02,5.373843460865216457e+02,4.988747186796699680e+02,4.608652163040760570e+02,4.236059014753688530e+02,3.870967741935484128e+02,3.510877719429857962e+02,3.158289572393098297e+02,2.808202050512628603e+02,2.465616404101025410e+02,2.125531382845711619e+02,1.792948237059264898e+02,1.462865716429107295e+02,1.135283820955238951e+02,8.127031757939485601e+01,4.926231557889472867e+01,1.775443860965241427e+01,8.184546136534133893e+02,7.944486121530383116e+02,7.709427356839210006e+02,8.097024256064016754e+02,7.871967991998000116e+02,7.649412353088272312e+02,8.007001750437609644e+02,7.791947986996749478e+02,8.117029257314329698e+02
nan,nan,nan,nan,nan,nan,nan,nan,nan,nan,nan,nan,nan,nan,nan,9.747436859214803917e+02,9.249812453113279389e+02,8.769692423105776697e+02,8.302075518879720448e+02,7.849462365591398338e+02,7.406851712928232701e+02,6.976744186046512368e+02,6.556639159789948508e+02,6.146536634158539982e+02,5.743935983995999095e+02,5.351337834458614680e+02,4.963740935233809068e+02,4.586146536634158792e+02,4.213553388347087321e+02,3.848462115528882350e+02,3.490872718179545018e+02,3.135783945986497088e+02,2.788197049262315659e+02,2.445611402850712750e+02,2.105526381595398959e+02,1.772943235808952238e+02,1.442860715178794919e+02,1.115278819704926292e+02,7.926981745436359006e+01,4.751187796949237452e+01,1.575393848462115720e+01,8.154538634658665615e+02,7.916979244811203671e+02,7.681920480120030561e+02,8.067016754188547338e+02,7.844461115278820671e+02,7.621905476369092867e+02,7.976994248562141365e+02,7.764441110277570033e+02,8.089522380595149116e+02
nan,nan,nan,nan,nan,nan,nan,nan,nan,nan,nan,nan,nan,nan,nan,9.712428107026756834e+02,9.217304326081521140e+02,8.739684921230308419e+02,8.272068017004252169e+02,7.819454863715930060e+02,7.379344836209053256e+02,6.949237309327331786e+02,6.529132283070767926e+02,6.119029757439360537e+02,5.718929732433108484e+02,5.326331582895724068e+02,4.941235308827207291e+02,4.563640910227557015e+02,4.191047761940485543e+02,3.828457114278569975e+02,3.468367091772943240e+02,3.115778944736184144e+02,2.768192048012003283e+02,2.425606401600400375e+02,2.088022005501375418e+02,1.752938234558639863e+02,1.422855713928482260e+02,1.097774443610902750e+02,7.751937984496125011e+01,4.576144036009002747e+01,1.400350087521880482e+01,8.124531132783196199e+02,7.886971742935734255e+02,7.654413603400851116e+02,8.039509877469367893e+02,7.814453613403351255e+02,8.162040510127532116e+02,7.946986746686671950e+02,7.736934233558390588e+02,8.059514878719680837e+02
nan,nan,nan,nan,nan,nan,nan,nan,nan,nan,nan,nan,nan,nan,nan,9.679919979994999721e+02,9.184796199049762890e+02,8.707176794198550169e+02,8.242060515128782754e+02,7.791947986996749478e+02,7.351837959489872674e+02,6.921730432608152341e+02,6.504126031507877315e+02,6.094023505876469926e+02,5.693923480870217873e+02,5.301325331332833457e+02,4.918729682420605513e+02,4.541135283820955806e+02,4.171042760690172599e+02,3.805951487871968197e+02,3.448362090522630865e+02,3.095773943485871769e+02,2.748187046761690340e+02,2.405601400350087715e+02,2.068017004251063042e+02,1.732933233308327203e+02,1.405351337834458718e+02,1.077769442360590233e+02,7.576894223555889596e+01,4.376094023505876862e+01,1.225306326581645422e+01,8.094523630907727920e+02,7.859464866216554810e+02,7.624406101525381700e+02,8.009502375593899615e+02,7.786946736684171810e+02,8.134533633408352671e+02,7.919479869967492505e+02,7.706926731682921172e+02,8.029507376844211421e+02
nan,nan,nan,nan,nan,nan,nan,nan,nan,nan,nan,nan,nan,nan,nan,9.644911227806952638e+02,9.154788697174294612e+02,8.677169292323081891e+02,8.212053013253314475e+02,7.761940485121281199e+02,7.324331082770693229e+02,6.896724181045261730e+02,6.476619154788697870e+02,6.069017254313579315e+02,5.668917229307327261e+02,5.278819704926231680e+02,4.893723430857714902e+02,4.518629657414354028e+02,4.148537134283571390e+02,3.783445861465366420e+02,3.425856464116029088e+02,3.073268317079269991e+02,2.728182045511377964e+02,2.385596399099775056e+02,2.048012003000750383e+02,1.715428857214303662e+02,1.385346336584146059e+02,1.060265066266566691e+02,7.376844211052764422e+01,4.201050262565641447e+01,1.050262565641410362e+01,8.067016754188547338e+02,7.829457364341085395e+02,8.207051762940735671e+02,7.979494873718430199e+02,7.756939234808702395e+02,8.104526131532883255e+02,7.889472368092023089e+02,7.679419854963741727e+02,8.002000500125031976e+02
nan,nan,nan,nan,nan,nan,nan,nan,nan,nan,nan,nan,nan,nan,nan,9.612403100775194389e+02,9.122280570142536362e+02,8.644661165291323641e+02,8.184546136534133893e+02,7.734433608402100617e+02,7.296824206051513784e+02,6.869217304326082285e+02,6.451612903225807258e+02,6.044011002750687567e+02,5.643910977744436650e+02,5.253813453363341068e+02,4.871217804451113125e+02,4.493623405851463417e+02,4.126031507876969613e+02,3.760940235058765211e+02,3.405851462865716712e+02,3.053263315828957616e+02,2.705676419104776187e+02,2.365591397849462396e+02,2.028007001750437723e+02,1.695423855963991002e+02,1.365341335333833683e+02,1.040260065016254174e+02,7.201800450112529006e+01,4.026006501625406742e+01,8.752188047011753014e+00,8.037009252313079060e+02,7.801950487621905950e+02,8.177044261065267392e+02,7.951987996999250754e+02,7.729432358089522950e+02,8.074518629657414976e+02,7.861965491372843644e+02,7.651912978244561145e+02,7.971992998249562561e+02
nan,nan,nan,nan,nan,nan,nan,nan,nan,nan,nan,nan,nan,nan,nan,9.579894973743436140e+02,9.089772443110778113e+02,8.614653663415854226e+02,8.154538634658665615e+02,7.704426106526632339e+02,7.269317329332333202e+02,6.841710427606901703e+02,6.426606651662916647e+02,6.019004751187796955e+02,5.621405351337834873e+02,5.231307826956739291e+02,4.848712178044511347e+02,4.471117779444861640e+02,4.103525881470367835e+02,3.740935233808452267e+02,3.383345836459114935e+02,3.033258314578644672e+02,2.685671417854463812e+02,2.345586396599150021e+02,2.008002000500125064e+02,1.675418854713678627e+02,1.347836959239810142e+02,1.022755688922230632e+02,7.001750437609402411e+01,3.825956489122280857e+01,6.751687921980495943e+00,8.007001750437609644e+02,7.771942985746437671e+02,8.147036759189797976e+02,7.921980495123781338e+02,7.699424856214053534e+02,8.044511127781945561e+02,7.831957989497375365e+02,7.621905476369092867e+02,7.941985496374094282e+02
nan,nan,nan,nan,nan,nan,nan,nan,nan,nan,nan,nan,nan,nan,nan,9.544886221555389056e+02,9.057264316079019864e+02,8.584646161540385947e+02,8.124531132783196199e+02,7.676919229807452894e+02,7.241810452613153757e+02,6.814203550887722258e+02,6.399099774943736065e+02,5.993998499624906344e+02,5.596399099774944261e+02,5.206301575393848680e+02,4.823705926481620736e+02,4.448612153038259862e+02,4.081020255063766058e+02,3.718429607401850490e+02,3.363340835208802559e+02,3.010752688172043463e+02,2.665666416604151436e+02,2.325581395348837361e+02,1.987996999249812689e+02,1.655413853463365967e+02,1.327831957989497482e+02,1.002750687671918115e+02,6.826706676669168417e+01,3.650912728182045441e+01,5.001250312578145341e+00,7.979494873718430199e+02,7.744436109027257089e+02,8.117029257314329698e+02,7.894473618404601893e+02,7.671917979494874089e+02,8.017004251062766116e+02,7.804451112778194783e+02,8.119529882470618531e+02,7.914478619654914837e+02
nan,nan,nan,nan,nan,nan,nan,nan,nan,nan,nan,nan,nan,nan,nan,9.512378094523631944e+02,9.024756189047262751e+02,8.554638659664916531e+02,8.094523630907727920e+02,7.646911727931983478e+02,7.211802950737685478e+02,6.789197299324831647e+02,6.374093523380845454e+02,5.968992248062015733e+02,5.571392848212053650e+02,5.181295323830958068e+02,4.801200300075018959e+02,4.426106526631658085e+02,4.058514628657164849e+02,3.695923980995249281e+02,3.340835208802200782e+02,2.990747686921730519e+02,2.645661415353838493e+02,2.305576394098524702e+02,1.967991997999500029e+02,1.637909477369342426e+02,1.310327581895473941e+02,9.852463115778945735e+01,6.651662915728933001e+01,3.475868967241810736e+01,3.250812703175794294e+00,7.949487371842960783e+02,7.716929232308077644e+02,8.089522380595149116e+02,7.864466116529132478e+02,7.644411102775694644e+02,7.986996749187297837e+02,7.774443610902726505e+02,8.089522380595149116e+02,7.884471117779445422e+02
nan,nan,nan,nan,nan,nan,nan,nan,nan,nan,nan,nan,nan,nan,9.979994998749688193e+02,9.479869967491873695e+02,8.994748687171793335e+02,8.522130532633159419e+02,8.064516129032258505e+02,7.619404851212804033e+02,7.184296074018504896e+02,6.761690422605652202e+02,6.349087271817954843e+02,5.943985996499125122e+02,5.546386596649163039e+02,5.158789697424356291e+02,4.778694673668417181e+02,4.403600900225056307e+02,4.036009002250563071e+02,3.675918979744936337e+02,3.320830207551888407e+02,2.970742685671418144e+02,2.625656414103526117e+02,2.285571392848212326e+02,1.950487621905476487e+02,1.617904476119029766e+02,1.290322580645161281e+02,9.677419354838710319e+01,6.451612903225806406e+01,3.300825206301575321e+01,1.500375093773443469e+00,7.921980495123781338e+02,7.686921730432608229e+02,8.059514878719680837e+02,7.836959239809953033e+02,7.614403600900225229e+02,7.959489872468117255e+02,7.746936734183545923e+02,8.059514878719680837e+02,7.856964241060265977e+02
nan,nan,nan,nan,nan,nan,nan,nan,nan,nan,nan,nan,nan,nan,9.944986246561641110e+02,9.447361840460115445e+02,8.962240560140035086e+02,8.492123030757690003e+02,8.037009252313079060e+02,7.591897974493623451e+02,7.159289822455614285e+02,6.734183545886471620e+02,6.321580395098775398e+02,5.918979744936234511e+02,5.521380345086272428e+02,5.133783445861465680e+02,4.753688422105526570e+02,4.381095273818455098e+02,4.013503375843961294e+02,3.653413353338335128e+02,3.298324581145286629e+02,2.948237059264816367e+02,2.605651412853213742e+02,2.265566391597899667e+02,1.930482620655163828e+02,1.597899474868717391e+02,1.270317579394848764e+02,9.477369342335585145e+01,6.276569142285571701e+01,3.100775193798449791e+01,8.129532383095775003e+02,7.891972993248313060e+02,7.659414853713428784e+02,8.029507376844211421e+02,7.806951737934483617e+02,8.144536134033509143e+02,7.929482370592648977e+02,7.719429857464366478e+02,8.032008002000500255e+02,7.829457364341085395e+02
nan,nan,nan,nan,nan,nan,nan,nan,nan,nan,nan,nan,nan,nan,9.912478119529882861e+02,9.414853713428358333e+02,8.932233058264566807e+02,8.462115528882221724e+02,8.007001750437609644e+02,7.561890472618155172e+02,7.131782945736434840e+02,6.709177294323581009e+02,6.296574143535884787e+02,5.893973493373343899e+02,5.498874718679670650e+02,5.111277819454863902e+02,4.731182795698924792e+02,4.358589647411853321e+02,3.993498374593648919e+02,3.633408352088022184e+02,3.278319579894974254e+02,2.928232058014503991e+02,2.585646411602900798e+02,2.245561390347587007e+02,1.910477619404851453e+02,1.580395098774693849e+02,1.252813203300825364e+02,9.302325581395349730e+01,6.101525381345336996e+01,2.925731432858214731e+01,8.099524881220305588e+02,7.864466116529132478e+02,7.631907976994249339e+02,8.002000500125031976e+02,7.779444861215304172e+02,8.114528632158039727e+02,7.901975493873468395e+02,7.689422355588898199e+02,8.002000500125031976e+02,7.799449862465617116e+02
nan,nan,nan,nan,nan,nan,nan,nan,nan,nan,nan,nan,nan,nan,9.877469367341835778e+02,9.382345586396600083e+02,8.899724931232808558e+02,8.432108027006752309e+02,7.976994248562141365e+02,7.534383595898975727e+02,7.104276069017254258e+02,6.681670417604401564e+02,6.271567891972994175e+02,5.868967241810453288e+02,5.473868467116780039e+02,5.088772193048262693e+02,4.708677169292323583e+02,4.336084021005251543e+02,3.970992748187047141e+02,3.610902725681420407e+02,3.255813953488372476e+02,2.908227056764191047e+02,2.563140785196299021e+02,2.225556389097274348e+02,1.890472618154538793e+02,1.560390097524381190e+02,1.232808202050512705e+02,9.102275568892223134e+01,5.901475368842211111e+01,2.750687671917979671e+01,8.069517379344837309e+02,7.834458614653664199e+02,7.601900475118779923e+02,7.971992998249562561e+02,7.749437359339835893e+02,8.084521130282571448e+02,7.871967991998000116e+02,7.661915478869717617e+02,7.971992998249562561e+02,7.771942985746437671e+02
nan,nan,nan,nan,nan,nan,nan,nan,nan,nan,nan,nan,nan,nan,9.844961240310078665e+02,9.349837459364841834e+02,8.867216804201051445e+02,8.402100525131282893e+02,7.949487371842960783e+02,7.506876719179795145e+02,7.076769192298074813e+02,6.656664166041510953e+02,6.244061015253813594e+02,5.843960990247562677e+02,5.448862215553889428e+02,5.063765941485371513e+02,4.686171542885721806e+02,4.313578394598649766e+02,3.948487121780445364e+02,3.588397099274819197e+02,3.235808952238059533e+02,2.888222055513878672e+02,2.543135783945986645e+02,2.205551387846961973e+02,1.870467616904226134e+02,1.540385096274068530e+02,1.215303825956489163e+02,8.927231807951989140e+01,5.726431607901975696e+01,2.575643910977744611e+01,8.042010502625656727e+02,7.806951737934483617e+02,8.167041760440110920e+02,7.944486121530383116e+02,7.721930482620655312e+02,8.057014253563390866e+02,7.844461115278820671e+02,7.634408602150538172e+02,7.944486121530383116e+02,7.741935483870968255e+02
nan,nan,nan,nan,nan,nan,nan,nan,nan,nan,nan,nan,nan,nan,9.809952488122031582e+02,9.317329332333083585e+02,8.837209302325582030e+02,8.372093023255814614e+02,7.919479869967492505e+02,7.479369842460615700e+02,7.049262315578895368e+02,6.629157289322331508e+02,6.219054763690922982e+02,5.818954738684672066e+02,5.426356589147287650e+02,5.041260315078770304e+02,4.663665916479120028e+02,4.291072768192048557e+02,3.925981495373843586e+02,3.568392098024506254e+02,3.215803950987747157e+02,2.865716429107276895e+02,2.523130782695673986e+02,2.185546386596649313e+02,1.850462615653913474e+02,1.522880720180044989e+02,1.195298824706176646e+02,8.727181795448862545e+01,5.551387846961740991e+01,2.400600150037509550e+01,8.012003000750188448e+02,7.776944236059015338e+02,8.139534883720930338e+02,7.914478619654914837e+02,7.694423605901475867e+02,8.027006751687922588e+02,7.814453613403351255e+02,7.606901725431358727e+02,7.914478619654914837e+02,7.714428607151788810e+02
nan,nan,nan,nan,nan,nan,nan,nan,nan,nan,nan,nan,nan,nan,9.777444361090273333e+02,9.284821205301326472e+02,8.807201800450112614e+02,8.342085521380345199e+02,7.889472368092023089e+02,7.451862965741436255e+02,7.021755438859715923e+02,6.604151037759440896e+02,6.194048512128032371e+02,5.793948487121780317e+02,5.401350337584397039e+02,5.016254063515879125e+02,4.638659664916229417e+02,4.268567141785446779e+02,3.905976494123531211e+02,3.545886471617904476e+02,3.193298324581145380e+02,2.845711427856964519e+02,2.503125781445361611e+02,2.165541385346336654e+02,1.832958239559890217e+02,1.502875718929732614e+02,1.177794448612153104e+02,8.552138034508627129e+01,5.376344086021505575e+01,2.200550137534383666e+01,7.984496124031007867e+02,7.749437359339835893e+02,8.109527381845462060e+02,7.886971742935734255e+02,7.666916729182296422e+02,7.996999249812453172e+02,7.786946736684171810e+02,7.576894223555889312e+02,7.886971742935734255e+02,7.686921730432608229e+02
nan,nan,nan,nan,nan,nan,nan,nan,nan,nan,nan,nan,nan,nan,9.742435608902226249e+02,9.252313078269568223e+02,8.774693673418355502e+02,8.312078019504876920e+02,7.861965491372843644e+02,7.421855463865966840e+02,6.994248562140535341e+02,6.576644161040260315e+02,6.169042260565141760e+02,5.768942235558889706e+02,5.376344086021505291e+02,4.993748437109277916e+02,4.616154038509627640e+02,4.246061515378845002e+02,3.883470867716929433e+02,3.525881470367592101e+02,3.173293323330833005e+02,2.825706426606652144e+02,2.483120780195048951e+02,2.145536384096024278e+02,1.812953238309577557e+02,1.482870717679419954e+02,1.157789447361840587e+02,8.377094273568393135e+01,5.176294073518379690e+01,2.025506376594148605e+01,7.954488622155539588e+02,7.721930482620655312e+02,8.079519879969992644e+02,7.856964241060265977e+02,7.636909227306827006e+02,7.969492373093273727e+02,7.759439859964992365e+02,8.062015503875969671e+02,7.859464866216554810e+02,7.659414853713428784e+02
nan,nan,nan,nan,nan,nan,nan,nan,nan,nan,nan,nan,nan,nan,9.709927481870468000e+02,9.219804951237809973e+02,8.744686171542886086e+02,8.282070517629407505e+02,7.831957989497375365e+02,7.394348587146787395e+02,6.969242310577644730e+02,6.551637909477369703e+02,6.144036009002251149e+02,5.743935983995999095e+02,5.353838459614904650e+02,4.971242810702676138e+02,4.593648412103025862e+02,4.223555888972243224e+02,3.860965241310327656e+02,3.503375843960990323e+02,3.150787696924231227e+02,2.805701425356339200e+02,2.463115778944736292e+02,2.125531382845711619e+02,1.792948237059264898e+02,1.465366341585396412e+02,1.140285071267817045e+02,8.177044261065266539e+01,5.001250312578144985e+01,1.850462615653913545e+01,7.926981745436360143e+02,7.691922980745187033e+02,8.052013003250813199e+02,7.829457364341085395e+02,7.609402350587647561e+02,7.939484871217805448e+02,7.729432358089522950e+02,8.032008002000500255e+02,7.829457364341085395e+02,7.629407351837960505e+02
nan,nan,nan,nan,nan,nan,nan,nan,nan,nan,nan,nan,nan,nan,9.674918729682420917e+02,9.187296824206051724e+02,8.712178044511128974e+02,8.252063015753939226e+02,7.804451112778194783e+02,7.366841710427607950e+02,6.941735433858465285e+02,6.524131032758190258e+02,6.119029757439360537e+02,5.718929732433108484e+02,5.328832208052012902e+02,4.946236559139785527e+02,4.571142785696424653e+02,4.201050262565641447e+02,3.838459614903726447e+02,3.483370842710677948e+02,3.130782695673918852e+02,2.785696424106026825e+02,2.443110777694423916e+02,2.105526381595398959e+02,1.772943235808952238e+02,1.445361340335083753e+02,1.120280070017504386e+02,8.002000500125032545e+01,4.826206551637909570e+01,1.675418854713678485e+01,7.896974243560890727e+02,7.664416104026007588e+02,8.022005501375344920e+02,7.799449862465617116e+02,7.581895473868468116e+02,7.911977994498624867e+02,7.701925481370343505e+02,8.002000500125031976e+02,7.801950487621905950e+02,7.601900475118779923e+02
nan,nan,nan,nan,nan,nan,nan,nan,nan,nan,nan,nan,nan,nan,9.642410602650663805e+02,9.154788697174294612e+02,8.682170542635659558e+02,8.222055513878469810e+02,7.774443610902726505e+02,7.339334833708427368e+02,6.914228557139285840e+02,6.499124781195299647e+02,6.091522880720179955e+02,5.693923480870217873e+02,5.306326581645412261e+02,4.923730932733183749e+02,4.548637159289822876e+02,4.181045261315329071e+02,3.818454613653413503e+02,3.460865216304076171e+02,3.110777694423605908e+02,2.765691422855713881e+02,2.423105776444111257e+02,2.088022005501375418e+02,1.755438859714928981e+02,1.425356339084771378e+02,1.102775693923480986e+02,7.801950487621905950e+01,4.626156539134783685e+01,1.500375093773443425e+01,7.869467366841711282e+02,7.636909227306827006e+02,7.994498624656164338e+02,7.771942985746437671e+02,8.094523630907727920e+02,7.881970492623156588e+02,7.674418604651162923e+02,7.974493623405852532e+02,7.774443610902726505e+02,7.574393598399600478e+02
nan,nan,nan,nan,nan,nan,nan,nan,nan,nan,nan,nan,nan,nan,9.609902475618905555e+02,9.124781195298825196e+02,8.652163040760190142e+02,8.194548637159290365e+02,7.746936734183545923e+02,7.311827956989247923e+02,6.886721680420105258e+02,6.474118529632409036e+02,6.066516629157289344e+02,5.671417854463616095e+02,5.281320330082520513e+02,4.901225306326581972e+02,4.526131532883221098e+02,4.158539634908727294e+02,3.795948987246811726e+02,3.440860215053763795e+02,3.088272068017004699e+02,2.743185796449112672e+02,2.403100775193798597e+02,2.068017004251063042e+02,1.735433858464616321e+02,1.407851962990747836e+02,1.082770692673168327e+02,7.626906726681670534e+01,4.451112778194548980e+01,1.300325081270317717e+01,7.839459864966241867e+02,7.609402350587647561e+02,7.964491122780696060e+02,7.744436109027257089e+02,8.067016754188547338e+02,7.854463615903976006e+02,7.644411102775694644e+02,7.944486121530383116e+02,7.744436109027257089e+02,8.022005501375344920e+02
nan,nan,nan,nan,nan,nan,nan,nan,nan,nan,nan,nan,nan,nan,9.577394348587147306e+02,9.092273068267066947e+02,8.622155538884721864e+02,8.164541135283822086e+02,7.719429857464366478e+02,7.284321080270068478e+02,6.861715428857214647e+02,6.446611652913228454e+02,6.041510377594398733e+02,5.646411602900725484e+02,5.258814703675919873e+02,4.876219054763691361e+02,4.503625906476619321e+02,4.136034008502126085e+02,3.773443360840210516e+02,3.418354588647162018e+02,3.068267066766691755e+02,2.723180795198799728e+02,2.383095773943485938e+02,2.048012003000750383e+02,1.715428857214303662e+02,1.387846961740435177e+02,1.065266316579144927e+02,7.451862965741436540e+01,4.276069017254313565e+01,1.125281320330082657e+01,7.811952988247062422e+02,7.581895473868468116e+02,7.936984246061515478e+02,7.716929232308077644e+02,8.037009252313079060e+02,7.826956739184796561e+02,7.616904226056515199e+02,7.916979244811203671e+02,7.716929232308077644e+02,7.991997999499875505e+02
nan,nan,nan,nan,nan,nan,nan,nan,nan,nan,nan,nan,nan,nan,9.544886221555389056e+02,9.059764941235309834e+02,8.592148037009252448e+02,8.134533633408352671e+02,7.689422355588898199e+02,7.256814203550887896e+02,6.834208552138035202e+02,6.421605401350337843e+02,6.016504126031508122e+02,5.621405351337834873e+02,5.233808452113028125e+02,4.853713428357089583e+02,4.481120280070017543e+02,4.113528382095524307e+02,3.753438359589897573e+02,3.398349587396849643e+02,3.048262065516379380e+02,2.703175793948487353e+02,2.363090772693173562e+02,2.028007001750437723e+02,1.697924481120280120e+02,1.370342585646411635e+02,1.045261315328832268e+02,7.251812953238309944e+01,4.101025256314078860e+01,9.502375593898475969e+00,7.781945486371593006e+02,8.129532383095775003e+02,7.906976744186047199e+02,7.686921730432608229e+02,8.009502375593899615e+02,7.796949237309328282e+02,7.589397349337334617e+02,7.889472368092023089e+02,7.689422355588898199e+02,7.964491122780696060e+02
nan,nan,nan,nan,nan,nan,nan,nan,nan,nan,nan,nan,nan,nan,9.509877469367341973e+02,9.029757439359840419e+02,8.559639909977495336e+02,8.104526131532883255e+02,7.661915478869717617e+02,7.229307326831708451e+02,6.806701675418855757e+02,6.396599149787447232e+02,5.991497874468617511e+02,5.596399099774944261e+02,5.211302825706427484e+02,4.831207801950487806e+02,4.458614653663416334e+02,4.091022755688922530e+02,3.730932733183296364e+02,3.375843960990247865e+02,3.028257064266067005e+02,2.683170792698174978e+02,2.343085771442860903e+02,2.008002000500125064e+02,1.677919479869967745e+02,1.350337584396099260e+02,1.027756939234808726e+02,7.076769192298074529e+01,3.900975243810952975e+01,7.751937984496124479e+00,7.754438609652413561e+02,8.102025506376594421e+02,7.879469867466867754e+02,7.659414853713428784e+02,7.979494873718430199e+02,7.769442360590147700e+02,7.561890472618155172e+02,7.859464866216554810e+02,7.659414853713428784e+02,7.934483620905226644e+02
nan,nan,nan,nan,nan,nan,nan,nan,nan,nan,nan,nan,nan,9.974993748437110526e+02,9.477369342335584861e+02,8.997249312328082169e+02,8.529632408102025920e+02,8.077019254813703810e+02,7.634408602150538172e+02,7.201800450112529006e+02,6.781695423855964009e+02,6.369092273068267787e+02,5.966491622905726899e+02,5.573893473368342484e+02,5.186296574143535736e+02,4.808702175543886597e+02,4.436109027256814556e+02,4.068517129282320752e+02,3.708427106776694586e+02,3.355838959739935490e+02,3.005751437859465227e+02,2.663165791447862034e+02,2.323080770192548243e+02,1.987996999249812689e+02,1.657914478619655085e+02,1.332833208302075718e+02,1.007751937984496209e+02,6.901725431357840534e+01,3.725931482870718270e+01,6.001500375093773876e+00,7.726931732933234116e+02,8.072018004501126143e+02,7.849462365591398338e+02,7.631907976994249339e+02,7.951987996999250754e+02,7.741935483870968255e+02,8.032008002000500255e+02,7.831957989497375365e+02,7.631907976994249339e+02,7.906976744186047199e+02
nan,nan,nan,nan,nan,nan,nan,nan,nan,nan,nan,nan,nan,9.939984996249063443e+02,9.444861215303826611e+02,8.967241810452613890e+02,8.499624906226557641e+02,8.047011752938235531e+02,7.604401100275068757e+02,7.174293573393348424e+02,6.754188547136784564e+02,6.344086021505377175e+02,5.941485371342836288e+02,5.548887221805451873e+02,5.163790947736935095e+02,4.783695923980995417e+02,4.413603400850212779e+02,4.048512128032008377e+02,3.688422105526381642e+02,3.333333333333333712e+02,2.985746436609152283e+02,2.643160790197549659e+02,2.303075768942235584e+02,1.970492623155789147e+02,1.640410102525631544e+02,1.312828207051763059e+02,9.902475618904726673e+01,6.701675418854713939e+01,3.550887721930482854e+01,4.251062765691423273e+00,7.699424856214053534e+02,8.044511127781945561e+02,7.821955488872218893e+02,7.604401100275068757e+02,7.921980495123781338e+02,7.711927981995499977e+02,8.004501125281320810e+02,7.804451112778194783e+02,7.604401100275068757e+02,7.876969242310577783e+02
nan,nan,nan,nan,nan,nan,nan,nan,nan,nan,nan,nan,nan,9.907476869217305193e+02,9.412353088272068362e+02,8.934733683420855641e+02,8.469617404351088226e+02,8.017004251062766116e+02,7.576894223555889312e+02,7.146786696674168979e+02,6.729182295573893953e+02,6.319079769942486564e+02,5.916479119779945677e+02,5.523880970242561261e+02,5.138784696174043347e+02,4.761190297574394208e+02,4.391097774443611002e+02,4.026006501625406599e+02,3.665916479119780433e+02,3.313328332083020769e+02,2.965741435358839908e+02,2.623155788947236715e+02,2.283070767691923209e+02,1.950487621905476487e+02,1.620405101275318884e+02,1.292823205801450399e+02,9.727431857964491257e+01,6.526631657914478524e+01,3.375843960990248149e+01,2.250562640660165314e+00,7.669417354338585255e+02,8.014503625906477282e+02,7.794448612153038312e+02,7.576894223555889312e+02,7.894473618404601893e+02,7.684421105276319395e+02,7.974493623405852532e+02,7.774443610902726505e+02,7.576894223555889312e+02,7.849462365591398338e+02
nan,nan,nan,nan,nan,nan,nan,nan,nan,nan,nan,nan,nan,9.872468117029258110e+02,9.379844961240311250e+02,8.904726181545387362e+02,8.439609902475619947e+02,7.989497374343586671e+02,7.549387346836709867e+02,7.121780445111278368e+02,6.701675418854714508e+02,6.294073518379594816e+02,5.891472868217055066e+02,5.501375343835959484e+02,5.116279069767442138e+02,4.738684671167792430e+02,4.368592148037009792e+02,4.003500875218804822e+02,3.645911477869467490e+02,3.293323330832708393e+02,2.945736434108527533e+02,2.603150787696924340e+02,2.263065766441610549e+02,1.930482620655163828e+02,1.600400100025006509e+02,1.275318829707427000e+02,9.527381845461366083e+01,6.351587896974243819e+01,3.175793948487121909e+01,5.001250312578144896e-01,7.641910477619405810e+02,7.986996749187297837e+02,7.764441110277570033e+02,7.546886721680421033e+02,7.864466116529132478e+02,7.656914228557139950e+02,7.946986746686671950e+02,7.746936734183545923e+02,7.549387346836709867e+02,7.821955488872218893e+02
nan,nan,nan,nan,nan,nan,nan,nan,nan,nan,nan,nan,nan,9.839959989997499861e+02,9.349837459364841834e+02,8.872218054513629113e+02,8.409602400600150531e+02,7.959489872468117255e+02,7.521880470117530422e+02,7.094273568392098923e+02,6.676669167291823896e+02,6.266566641660415371e+02,5.868967241810453288e+02,5.476369092273068873e+02,5.091272818204551527e+02,4.716179044761190653e+02,4.346086521630408015e+02,3.980995248812203613e+02,3.623405851462865712e+02,3.270817704426106616e+02,2.923230807701925755e+02,2.583145786446611964e+02,2.245561390347587007e+02,1.910477619404851453e+02,1.582895723930982967e+02,1.255313828457114340e+02,9.352338084521130668e+01,6.151537884471117934e+01,3.000750187546886849e+01,7.844461115278820671e+02,7.614403600900225229e+02,7.956989247311828422e+02,7.736934233558390588e+02,8.047011752938235531e+02,7.836959239809953033e+02,7.629407351837960505e+02,7.919479869967492505e+02,7.719429857464366478e+02,7.984496124031007867e+02,7.791947986996749478e+02
nan,nan,nan,nan,nan,nan,nan,nan,nan,nan,nan,nan,nan,9.804951237809452778e+02,9.317329332333083585e+02,8.842210552638159697e+02,8.379594898724682253e+02,7.931982995748937810e+02,7.494373593398349840e+02,7.066766691672918341e+02,6.649162290572643315e+02,6.241560390097524760e+02,5.843960990247562677e+02,5.451362840710178261e+02,5.068767191797949749e+02,4.693673418354588875e+02,4.323580895223806237e+02,3.960990247561890669e+02,3.603400850212553337e+02,3.250812703175794240e+02,2.903225806451613380e+02,2.560640160040010187e+02,2.225556389097274348e+02,1.890472618154538793e+02,1.562890722680670308e+02,1.237809452363090799e+02,9.152288072018005494e+01,5.976494123530883229e+01,2.825706426606651789e+01,7.816954238559640089e+02,7.586896724181045784e+02,7.929482370592648977e+02,7.709427356839210006e+02,8.019504876219054950e+02,7.809452363090773588e+02,7.601900475118779923e+02,7.889472368092023089e+02,7.691922980745187033e+02,7.956989247311828422e+02,7.764441110277570033e+02
nan,nan,nan,nan,nan,nan,nan,nan,nan,nan,nan,nan,nan,9.772443110777695665e+02,9.284821205301326472e+02,8.809702425606402585e+02,8.349587396849212837e+02,7.901975493873468395e+02,7.466866716679170395e+02,7.039259814953738896e+02,6.624156039009752703e+02,6.216554138534634149e+02,5.818954738684672066e+02,5.428857214303576484e+02,5.046261565391347972e+02,4.668667166791698264e+02,4.301075268817204460e+02,3.938484621155288892e+02,3.580895223805951559e+02,3.230807701925481865e+02,2.883220805201300436e+02,2.540635158789697527e+02,2.205551387846961973e+02,1.872968242060515252e+02,1.542885721430357648e+02,1.217804451112778281e+02,8.977244311077770078e+01,5.801450362590647813e+01,2.650662665666416729e+01,7.786946736684171810e+02,7.559389847461866339e+02,7.899474868717179561e+02,7.681920480120030561e+02,7.989497374343586671e+02,7.779444861215304172e+02,7.574393598399600478e+02,7.861965491372843644e+02,7.661915478869717617e+02,7.926981745436360143e+02,7.736934233558390588e+02
nan,nan,nan,nan,nan,nan,nan,nan,nan,nan,nan,nan,nan,9.739934983745937416e+02,9.252313078269568223e+02,8.779694923730933169e+02,8.322080520130033392e+02,7.874468617154288950e+02,7.439359839959990950e+02,7.014253563390848285e+02,6.596649162290573258e+02,6.191547886971743537e+02,5.793948487121780317e+02,5.403850962740685873e+02,5.021255313828457361e+02,4.646161540385096487e+02,4.278569642410602683e+02,3.915978994748687683e+02,3.560890222555639184e+02,3.208302075518880088e+02,2.863215803950988061e+02,2.520630157539385152e+02,2.185546386596649313e+02,1.852963240810202592e+02,1.525381345336334107e+02,1.200300075018754740e+02,8.802200550137534663e+01,5.626406601650413108e+01,2.475618904726181668e+01,7.759439859964992365e+02,7.531882970742685757e+02,7.871967991998000116e+02,7.654413603400851116e+02,7.961990497624407226e+02,7.751937984496124727e+02,7.546886721680421033e+02,7.831957989497375365e+02,7.634408602150538172e+02,7.899474868717179561e+02,7.709427356839210006e+02
nan,nan,nan,nan,nan,nan,nan,nan,nan,nan,nan,nan,nan,9.704926231557890333e+02,9.219804951237809973e+02,8.749687421855464891e+02,8.292073018254563976e+02,7.844461115278820671e+02,7.409352338084521534e+02,6.986746686671668840e+02,6.571642910727682647e+02,6.166541635408852926e+02,5.768942235558889706e+02,5.381345336334084095e+02,4.998749687421855583e+02,4.623655913978494709e+02,4.256064016004001473e+02,3.893473368342085905e+02,3.538384596149037407e+02,3.188297074268567144e+02,2.843210802700675117e+02,2.500625156289072493e+02,2.165541385346336654e+02,1.832958239559890217e+02,1.505376344086021732e+02,1.180295073768442222e+02,8.602150537634409488e+01,5.426356589147287224e+01,2.300575143785946608e+01,7.731932983245811783e+02,8.064516129032258505e+02,7.844461115278820671e+02,7.624406101525381700e+02,7.931982995748937810e+02,7.724431107776945282e+02,8.004501125281320810e+02,7.804451112778194783e+02,7.606901725431358727e+02,7.871967991998000116e+02,7.681920480120030561e+02
nan,nan,nan,nan,nan,nan,nan,nan,nan,nan,nan,nan,nan,9.672418104526132083e+02,9.189797449362341695e+02,8.719679919979995475e+02,8.262065516379095698e+02,7.816954238559640089e+02,7.381845461365342089e+02,6.959239809952488258e+02,6.546636659164792036e+02,6.141535383845962315e+02,5.743935983995999095e+02,5.356339084771193484e+02,4.976244061015254374e+02,4.601150287571893500e+02,4.233558389597399696e+02,3.873468367091772961e+02,3.518379594898725031e+02,3.168292073018254769e+02,2.820705176294073908e+02,2.480620155038759833e+02,2.145536384096024278e+02,1.812953238309577557e+02,1.485371342835709072e+02,1.162790697674418681e+02,8.427106776694174073e+01,5.251312828207051808e+01,2.100525131282820723e+01,7.704426106526632339e+02,8.034508627156790226e+02,7.814453613403351255e+02,7.596899224806202255e+02,7.904476119029758365e+02,7.696924231057764700e+02,7.976994248562141365e+02,7.776944236059015338e+02,7.579394848712178145e+02,7.841960490122530700e+02,7.651912978244561145e+02
nan,nan,nan,nan,nan,nan,nan,nan,nan,nan,nan,nan,nan,9.639909977494373834e+02,9.157289322330583445e+02,8.687171792948237226e+02,8.232058014503626282e+02,7.789447361840460644e+02,7.354338584646161507e+02,6.931732933233308813e+02,6.519129782445611454e+02,6.116529132283071704e+02,5.721430357589397317e+02,5.333833458364591706e+02,4.951237809452363194e+02,4.578644661165291723e+02,4.211052763190797918e+02,3.850962740685171752e+02,3.495873968492123254e+02,3.145786446611652991e+02,2.800700175043760964e+02,2.460615153788447174e+02,2.125531382845711619e+02,1.795448862215554016e+02,1.467866966741685530e+02,1.142785696424106163e+02,8.227056764191048899e+01,5.076269067266817103e+01,1.925481370342585663e+01,7.676919229807452894e+02,8.007001750437609644e+02,7.786946736684171810e+02,7.569392348087022810e+02,7.876969242310577783e+02,7.669417354338585255e+02,7.946986746686671950e+02,7.749437359339835893e+02,7.551887971992998700e+02,7.814453613403351255e+02,7.624406101525381700e+02
nan,nan,nan,nan,nan,nan,nan,nan,nan,nan,nan,nan,nan,9.607401850462616721e+02,9.124781195298825196e+02,8.657164291072768947e+02,8.202050512628158003e+02,7.759439859964992365e+02,7.326831707926982062e+02,6.906726681670418202e+02,6.494123530882720843e+02,6.091522880720179955e+02,5.696424106026506706e+02,5.308827206801701095e+02,4.928732183045761985e+02,4.556139034758689945e+02,4.191047761940485543e+02,3.828457114278569975e+02,3.475868967241810878e+02,3.125781445361340616e+02,2.780695173793448589e+02,2.440610152538134798e+02,2.105526381595398959e+02,1.775443860965241356e+02,1.447861965491372871e+02,1.125281320330082622e+02,8.052013003250813483e+01,4.876219054763691219e+01,1.750437609402350603e+01,7.646911727931983478e+02,7.979494873718430199e+02,7.759439859964992365e+02,7.541885471367842229e+02,7.846961740435109505e+02,7.639409852463115840e+02,7.919479869967492505e+02,7.719429857464366478e+02,7.524381095273819255e+02,7.786946736684171810e+02,7.596899224806202255e+02
nan,nan,nan,nan,nan,nan,nan,nan,nan,nan,nan,nan,nan,9.574893723430858472e+02,9.094773693423356917e+02,8.627156789197299531e+02,8.174543635908977421e+02,7.731932983245811783e+02,7.301825456364091451e+02,6.879219804951238757e+02,6.469117279319830232e+02,6.066516629157289344e+02,5.671417854463616095e+02,5.286321580395099318e+02,4.906226556639160208e+02,4.533633408352088168e+02,4.168542135533883766e+02,3.808452113028257600e+02,3.453363340835209101e+02,3.105776444111028241e+02,2.760690172543136214e+02,2.420605151287822139e+02,2.088022005501375418e+02,1.755438859714928981e+02,1.430357589397349329e+02,1.107776944236059080e+02,7.876969242310578068e+01,4.701175293823456514e+01,1.575393848462115720e+01,7.619404851212804033e+02,7.949487371842960783e+02,7.731932983245811783e+02,7.514378594648662784e+02,7.819454863715930060e+02,7.611902975743936395e+02,7.891972993248313060e+02,7.691922980745187033e+02,7.949487371842960783e+02,7.759439859964992365e+02,7.569392348087022810e+02
