row,phi_diff,AR_diff,Au_diff,AN_diff,t_diff,Nmax,n_cycles
0,0.0,0.0,0.0,0.0,0.0,0.5221819246571905,3
1,0.0,0.0,0.0,0.0,0.0,0.5497778097837989,3
2,0.0,0.0,0.0,0.0,0.0,0.6009663965328994,0
3,0.0,0.0,0.0,0.0,0.0,0.562398081762516,6
4,0.0,0.0,0.0,0.0,0.0,0.6654865998278148,1
5,0.0,0.0,0.0,0.0,0.0,0.595856732380435,2
6,0.0,0.0,0.0,0.0,0.0,0.685702139423506,1
7,0.0,0.0,0.0,0.0,0.0,0.5810250780677728,0
8,0.0,0.0,0.0,0.0,0.0,0.5966837837137308,0
9,0.0,0.0,0.0,0.0,0.0,0.5925979789235593,1
10,0.0,0.0,0.0,0.0,0.0,0.6693995239019964,2
11,0.0,0.0,0.0,0.0,0.0,0.6610810321610809,2
