path,size_bytes,sha256
.gitignore,114,692295cc96d2e6891ab7ccc846d61383b84f04a20c410f77bf5a77d78803e72c
CITATION.cff,444,0669670d0e493d0b85c5aa4895abe261424ffb441eddd814b160fb3a0b271c42
LEEME_ES.md,1286,9f5fcb0bde89f3b539610f6d256e151a1bfad103bde1af2136730e1d9f572ce5
README.md,4393,b882059295320e58cceebc974d4b76d3fc10a70553ef544f2954c31d87df3c5b
data/SHA256_DATA.csv,19081,70bb1326f8eacc0ff44bae81798526ac1c9409c14cc6443fb1d2e1ea5c10cc56
data/control/A_AT_dt0.25_safe0_exact.npz,133927,307de39fa050bb714ad9a284fe033b2ce2d99533274f19e79cc7cbf933f3e876
data/control/A_AT_dt0.25_safe0_exact_warm.npz,133903,7eb7ec049716d9e76e56fd0a52df04a12eb93c948ea6ff0505c1d888c9b82450
data/control/A_AT_dt0.5_safe0_exact.npz,75806,745a1f07fb658095409607f5a1ec4c1e9fa84e64a4ab69c9e21f16c883916ce7
data/control/A_MTD_dt0.5_safe0_exact.npz,73857,2e8288fd29d501281d91c544160ca544c18c2792fdd35ed136c2141c6b098820
data/control/A_MTD_dt0.5_safe0_exact_continued.npz,70320,2ec894c1e0be46a9d71893d2cff2dc1e9ec1121523999c85c99e24f1695f8d89
data/control/A_dr0.0055_AT_dt0.25_exact.npz,152740,f62707bc5bb0c9d5abd491f71480d438ce88e81ed85541b05041d3a3765d0a42
data/control/A_dr0.0055_AT_dt0.5_exact.npz,85348,53f11ac78c66a4c3a9a2ac2ef99bbfe9e7a5f6704a072d707204cc1db7cac7f2
data/control/A_dr0.0055_MTD_dt0.5_exact.npz,79239,2bdf9e332e823f97236384530f485169a97b3c1ca531c325d3ead923cf794c31
data/control/A_dr0.0055_half_dt0.25_exact.npz,149651,53a40bb7bc9fa16dacca819ffa830b17aa47646fd6abbb41423d56bbd9395532
data/control/A_dr0.0055_half_dt0.5_exact.npz,79097,bbfef0f2b7ed18ccabc88e5a729e93f346fe540e61355f2b5f2d29b1e57e0aa5
data/control/A_dr0.005_AT_dt0.25_exact.npz,156384,9e7355b225604231df0d5e10bd9722849070b13a7627d9617d36f860f9efde7c
data/control/A_dr0.005_AT_dt0.5_exact.npz,75030,b97b4de370dd9b553d46eb02625baf64509bcb4adf4702cf5d5d7177abf1c087
data/control/A_dr0.005_MTD_dt0.5_exact.npz,79381,9837730873a0e6d46edc35bab4db1b8d53f329b465ed5e6e7d8f51e65207d9f9
data/control/A_dr0.005_half_dt0.25_exact.npz,150654,f6b695cc379ab8de86cc1aa945cb8415493bf989f03eab82b005367612958d6d
data/control/A_dr0.005_half_dt0.5_exact.npz,79209,689158b30dcb42f673c1b5d4f2b6f0b75874ac8b69da8087b9e0d673ac5750fc
data/control/A_half_dt0.25_safe0_exact.npz,125965,a1015abb659ad3500004cc2422a7763203591f1292a8fcedbb6c6bbd279bdc63
data/control/A_half_dt0.25_safe0_exact_warm.npz,120925,f6f310c350c9ee96aa251af3fa86923affe5351159dd3277d66b8da6c96a8218
data/control/A_half_dt0.5_safe0_exact.npz,71767,ffcdf8bf8becf2735441901d0c2f9c0ddea1c609b4f482c13bba253d67f8e7ce
data/control/A_half_dt0.5_safe0_exact_continued.npz,59265,1cfbf71123a785e57e3a49ad45ac75ae0799ebc7def3a9a3844bfe9e879faa3b
data/control/B_AT_dt0.1_safe0_exact.npz,267567,bc1dc6d4765dbd984c1b8097c0019933fbb9fc6c0052cded0760e81d5153234e
data/control/B_AT_dt0.5_safe0_exact.npz,62019,48d43c98205e085e97b8222a07066929a69aed2f4ddff0691fc1086ba8befbb6
data/control/B_AT_dt0.5_safe1000_exact.npz,80356,1f41476ffd55f07b6530cff290e90685c82720100359286ed2a52291b2678c1e
data/control/B_MTD_dt0.5_safe0_exact.npz,87365,ee5811c274fee05786a4c3cf1baa00216534f3c8bfea9dcc4341e014442298dc
data/control/B_MTD_dt0.5_safe1000_exact.npz,81440,7657ee8e982144a833bbe84132eba755c867c041901e2b5cd5b9783ea55a40a7
data/control/B_half_dt0.25_safe1000_exact.npz,145614,c299e07f65340a291e0504ba850f5e23b3ed1ed5cbcbe2a213282a0497154404
data/control/B_half_dt0.5_safe0_exact.npz,87056,3b27fc9b4224876d51d446af2df31e91d8dce08e10c3db6d63fcb78c485b8ac7
data/control/B_half_dt0.5_safe1000_exact.npz,87287,fb20a884acb5e92d46438778d1f41bc854b016196b776a7a9e10151ea37f39ab
data/control/C_AT_dt0.5_safe0_exact.npz,70392,624eeb8fa3faf157144dbebe44f724475807d54dee5debff01ff8ccf3e783138
data/control/C_MTD_dt0.1_safe0_exact.npz,320571,450b23656b5bb1058e35db48fc7bdf94f4e1e7477a681ecd06e463cedb2a1b23
data/control/C_MTD_dt0.5_safe0_exact.npz,72846,41c1c5e70fb575fead2ee91ebd544d9eb49f9cebf195280c3fc82fc0e6acabc1
data/control/C_half_dt0.5_safe0_exact.npz,72847,fe86ab3fbb6a0a81eaaf0c14dc256f338dd8328fed9b577ed489f61691060860
data/control/exact_discrete_summary.csv,3207,7f84e9e2e82a8f781131d43dd3550abfb30bb87fc4499023655944666619ba64
data/control/exact_discrete_tail_summary.csv,1931,0a33013405a2724ac850b20b239b249ce85010e8968b94d8baf3453d87929d74
data/control/partial_resistance_exact.csv,1323,9be058e673e8ef59a8fff04d8f32da5753c3060a41ff2e71f9e37fdb79a37767
data/control/partial_resistance_refined_exact.csv,609,370bed5901ec64fc1022f77d5915dfd8e2492618f8a36ae8b55e22e9de7563c7
data/control_checks/discrete_adjoint_test.txt,409,b3c13ae6aecddbbceab59b60f116523d4eff29b9e64752dbd925aebafef864bf
data/control_checks/exact_discrete_autograd.csv,1647,8a11d0b3908838231f5ac3d3674e32161f54b0cd93f6eed4ca06ca2dc7aa8cf1
data/control_checks/gradient_spotcheck.csv,5567,c10d47607d1fa69a2618077c6782d02c4f8942efc1c1fe391a869f4b23dfe9c3
data/control_checks/independent_dop853.csv,565,cf4467da442948b77c02fa700006c6b605c0f2001815aa05ea9e640cdc626822
data/control_checks/refinement_summary.csv,592,81f52d726b46fa81a45561cef0a46488901cd0324b41259e0dcc0aa60b9b663f
data/control_checks/validation_summary.csv,2509,fca1242c96c1aae5794863a2382660cd332b4478dda0f0d5dc89f33bd8047149
data/event_grids/event_core_vs_DOP853_crosscheck.csv,860,094f0d23193dddf31df466eb9080c2de58e607e92230a9234a26dd23c53847ab
data/event_grids/grid25_alpha1.csv,625,4d70cdf43d47b6f059baa111c6761eaf31da7515f516fd4297a0f5cdbbbbff80
data/event_grids/grid25_difference_stats.csv,399,4fb2cdd2c18f9ecda5a4d62827792fd071ef1f8dce5c623cd565046bacc4541f
data/event_grids/grid25_event_A_N.csv,15625,c8379b4e0b2d9a8b79e9256fe5171c3b1fb4309dc36a5dd3e12d344e683fd376
data/event_grids/grid25_event_A_R.csv,15625,b1c6510ed08d78e3b77aa16f04f242142d2758a630cdb3c8be2b39445b5316a8
data/event_grids/grid25_event_A_u.csv,15625,07e2db62f982ec40fa585c086d0311e7dcf52eb297487335e83fbb90f7fcfeee
data/event_grids/grid25_event_D_T.csv,15629,9433065ad18c76a5ea29728c369f491cefb2690fb3a6b016a7f86b0996f259ee
data/event_grids/grid25_event_N_T.csv,15625,50cecd4c6dade231ae8cdd2fba3c5bc6cf3a5dd8b9f5bc508ac2bd03c0de73d8
data/event_grids/grid25_event_R_T.csv,15625,135500d8409b8e8fd6bc2c634310176551f024bdb6ef3e214d825294c6bedbed
data/event_grids/grid25_event_S_T.csv,15629,f5babb801e3d2b7c1eb43796c4d4c4eb3494164fba489244e191694b0739a7d5
data/event_grids/grid25_event_final_on.csv,15625,cb54cc78e28e3b835ba4ea3f4c7dc50da3d6de1b13c0d63c645d76754301b1ba
data/event_grids/grid25_event_first_on.csv,15625,7679f5adf3631d53a10dd3146492ae6940271f97120f0b867651e78efda816fd
data/event_grids/grid25_event_n_activations.csv,15625,b848704231811b014130f139e7685f15df9ae7b57c251cee29e7b7ff7afdeadd
data/event_grids/grid25_event_n_deactivations.csv,15625,f68d1de95a446964635982d690866df0277badc891ab81c8dfd50ff78e14133c
data/event_grids/grid25_event_phi_R_T.csv,15625,b38ead6ee1cec4c9a6f7418ab86c5a16cc0ac480d8684448fac40ec519d9941a
data/event_grids/grid25_event_reference_consistency.csv,119,3984112091e98c9fd247d43b8e94ed78079c135d6af5279d602c000ca92a3c62
data/event_grids/grid25_event_t_final.csv,15625,25e86455e68d1de52657f608cc469ef71037e8a153a041b98327148f359d0d7d
data/event_grids/grid25_node_A_N.csv,15625,631cfa41711e68d0baa5fecbf95a0da1ec3e724d75b94ae691245895e8a6ea27
data/event_grids/grid25_node_A_R.csv,15625,bd9a96795ae3494bea4377dd24e8f3fe280410a064e7d94534dc2fa9c24ee6c6
data/event_grids/grid25_node_A_u.csv,15625,b112916b9b5fe5a31760376080c331d87fe41338d42a3fbdf410e586d9ba669b
data/event_grids/grid25_node_D_T.csv,15629,30e174b63806394eedf88dbaaeacd455f5e7ab395ae40dc1165eb4764833d3c1
data/event_grids/grid25_node_N_T.csv,15625,79fdb2b1cabb8512c5fd9c680379cad02bb79e6db18eb1e2a7ec48816d736bfd
data/event_grids/grid25_node_R_T.csv,15625,73c81eef1aad21c2b1539cf8f51b421e9f08d8d929dd6fce0a29158ef6870c89
data/event_grids/grid25_node_S_T.csv,15629,03e1e7f3ee6ea98190b8f82752729eaeb7fa1dd1332eeb8091b368ada37c9089
data/event_grids/grid25_node_event_cellwise.csv,109848,e9359e096b42c3b1af45e7dfbfebe2fb977b550dc9d539e973fbbe2f855fcbaa
data/event_grids/grid25_node_event_summary.csv,855,be336c19d494e1fbc9053ba0005c19186a93dbeb04ca2a532ea266ebb5af9fab
data/event_grids/grid25_node_final_on.csv,15625,cb54cc78e28e3b835ba4ea3f4c7dc50da3d6de1b13c0d63c645d76754301b1ba
data/event_grids/grid25_node_first_on.csv,15625,7b22b5c3aa2bbd88621ae0a021245e9e5eea093b7f4abe6123f4da5736040129
data/event_grids/grid25_node_n_activations.csv,15625,b848704231811b014130f139e7685f15df9ae7b57c251cee29e7b7ff7afdeadd
data/event_grids/grid25_node_n_deactivations.csv,15625,f68d1de95a446964635982d690866df0277badc891ab81c8dfd50ff78e14133c
data/event_grids/grid25_node_phi_R_T.csv,15625,09cd8ebbdd14057ae1b1ad013858141205785c5a0456cf5d0840b92fcd767bea
data/event_grids/grid25_node_t_final.csv,15625,66f3a897771ba8a1f13b7c366b6f84768a70adcd1d3707e825d1458905233f54
data/event_grids/grid25_phi_category_transition_long.csv,77,eb8a0cb7ff70edf27adff207bc3eed1bc6fafcfb97b4305c7bfde34f5cc032a6
data/event_grids/grid25_theta.csv,625,e3bc3087dce3233986d87a0ae944cb6fea48e9a6a4c97a55d3e29d2139c56350
data/event_grids/grid50_AT_vs_MTD_event.csv,250,39a4be7a00dfed726a7c17b2e4feacabda48ade9fe9f2a301074d3cffc8c5bef
data/event_grids/grid50_MTD_A_N.csv,62500,1a6a3fd5cdca894a7e3603d30986c53ef5b25c72d813b28cf1e621430000c29c
data/event_grids/grid50_MTD_A_R.csv,62500,4a2a322f1d6e57df4e1398a5644a1a53e520f707b2ccd1fa9d6ec8b2e822d565
data/event_grids/grid50_MTD_A_u.csv,62500,851c36480548937c4b2df6ea75b735686f654e6c383c97d0c3a26952d870650d
data/event_grids/grid50_MTD_N_T.csv,62500,039a3d856261a6bd46aaf699b1d0843b8c49adfdf52bdb6965d30f299a24946b
data/event_grids/grid50_MTD_phi_R_T.csv,62500,609400e0e5e216d25379a052200c224dfbd3290421d2fec403ed0d908f666f14
data/event_grids/grid50_R0.csv,1250,a2a48defd30ebc1f2dfadfdc2f796c783ae49b313b0608461e7868d4bd683b8c
data/event_grids/grid50_S0.csv,1250,a9f36fddb1e1450cc7882333b8212c4ac69448f24b4bb5086b1f1b116b6302f9
data/event_grids/grid50_cycle_transition_long.csv,121,a858500889f3734b221526ff6f577e1b6a4801f86e9d078d1b896789d4dcd28f
data/event_grids/grid50_difference_stats.csv,409,0e4ded331b515f533fa95776f5a883c0d528cecf4bd1835a6de5fc174abfc640
data/event_grids/grid50_event_A_N.csv,62500,c625011799d9824401703f7a2285fc0540566155a20a1eb011cabddcf9aaa81e
data/event_grids/grid50_event_A_R.csv,62500,c51d26344640a51d3a2fe5d38620e1c6b5dd02c64119c65043ee4a451da05e37
data/event_grids/grid50_event_A_u.csv,62500,dcb2477e4d7e43dfe12e4ef4576effd8243f7b77a3e9ec2c8171ad87711f01eb
data/event_grids/grid50_event_D_T.csv,62500,e5df59fdf195868f0c6162d3d316ad3ba01810fba6aabeba1ad5d7f77b601048
data/event_grids/grid50_event_N_T.csv,62500,5c4e4150fa7544c835b15cbbace6c75b599c1ad694b03d346d3f84e238743d55
data/event_grids/grid50_event_R_T.csv,62500,9f10824d3361821c494095418c9989cdf9a90fd1c7e4a04287bf50cc7dc28a99
data/event_grids/grid50_event_S_T.csv,62500,2b321766fe872d403a0337b851a4b23d53206d4be99fadf781cbdad0e37c7b37
data/event_grids/grid50_event_final_on.csv,62500,5bcbce3f40195dd93944628d5cdb90ce7efc1dc2fe6218d77b07168c63e3c4bb
data/event_grids/grid50_event_first_on.csv,47464,1366d01e6a50fb76eb1dc6dd868bcc57879f2eb698e8075811385519a69a2d2f
data/event_grids/grid50_event_n_activations.csv,62500,cafe8a3eaede7b3364d91cfd1684e588f4b1569b9b5ed9efa854b74a74045150
data/event_grids/grid50_event_n_deactivations.csv,62500,0e95012deee35eb80938f25776a81442ce571f6f6cac7a1004522f485e700bd6
data/event_grids/grid50_event_phi_R_T.csv,62500,f0143215c7b0f40ce83e94c541ed9b4f212a29387a9d9e964faf828bda9ef9af
data/event_grids/grid50_event_reference_consistency.csv,156,031a8e8a15f9053a118084a7e2c2b28384e88426d29a4a6c9819bf00f21a1f74
data/event_grids/grid50_event_t_final.csv,62500,851c36480548937c4b2df6ea75b735686f654e6c383c97d0c3a26952d870650d
data/event_grids/grid50_node_A_N.csv,62500,9a3572ec4eadd5090c8a364224b0e6b68f246c9b0918db360f65e2e43b76a617
data/event_grids/grid50_node_A_R.csv,62500,18ff2dcc09969565139c4b0594876808849f1343338a216a3bcc1ba5fdb4f191
data/event_grids/grid50_node_A_u.csv,62500,d120b443db821fd790620c1feba8f9d93c9553195d5def345053cb0b0d2e8844
data/event_grids/grid50_node_D_T.csv,62500,d5e938b62ff55b4e001cb3ba231f21069c3c9d2a37073485d238630734b921dc
data/event_grids/grid50_node_N_T.csv,62500,8aea3a95f3caf316795cc9de354f330177c693754bc9413e8596b2e05437cb99
data/event_grids/grid50_node_R_T.csv,62500,f405360308ea8e3a89dce09c926a4aba18b7d1d531e45b3e35068789a10942e2
data/event_grids/grid50_node_S_T.csv,62500,e8e0a163c1442da1a70857c1c48b303e25c0105a98bbdf75fde3fa29731c5828
data/event_grids/grid50_node_event_cellwise.csv,501093,b4209b08eac3dd65da70e5d08ecb5b4a34de3a0adcc60b0077699b104b782fbc
data/event_grids/grid50_node_event_cycle_stratified.csv,426,4772642c6e8c843584ad4685e096a1d12ca52543a7b1988cbad27721865f9731
data/event_grids/grid50_node_event_summary.csv,693,27885d4215b75e4d01149b1cdddfaf842ff70d8ebf4afe22e03fe836ff58aee9
data/event_grids/grid50_node_final_on.csv,62500,7b76a8794daf0317e27e37ec9b87e741a7d4770fa3d54040af2275457c4ffde0
data/event_grids/grid50_node_first_on.csv,47464,0d2db1a55a0b2dd02cc63fe36ce661a3f33f9c4b266732b26a87bc4bdaf0b3f0
data/event_grids/grid50_node_n_activations.csv,62500,9ad94d9305871ab2201566d2bf48b5882986c81bc167ee547e6d7a23109cca38
data/event_grids/grid50_node_n_deactivations.csv,62500,9ed8c82d040af22f6ae10e93fbb38011bcbcef4bd72bb9aa558b5a056523301b
data/event_grids/grid50_node_phi_R_T.csv,62500,fdddb1031dc87e6641989aadece7834f626869b1dffbb7574a4b63f9faac6807
data/event_grids/grid50_node_t_final.csv,62500,ab8cff688806b9570c11eb0351be5fb8157b539d34cca8d894f2132e1b5da89b
data/event_grids/grid50_threshold_method_comparison.csv,169,bb96222697eb1f1c5bf89041a40d0b34662a4287c4a19cb683257c48c0ee93c0
data/event_grids/grid60_alpha1.csv,1500,8eb25f69e152b9f95b6f1384f9e21c05c8f19243e0a07ca0f178ef2c985ca27d
data/event_grids/grid60_cycle_transition_long.csv,79,bfd09cfce98492922f9f9809ca4147532125487f424e6098230163f11b8e8880
data/event_grids/grid60_difference_stats.csv,626,d81b21743b81d03a73f6fc2c9cbafb63a24ae689c949b63df84c509cdd1bf15b
data/event_grids/grid60_event_A_N.csv,90000,999d28c2a0db27a1a09bdffa70d826c67a9ce37793192401040e53b57b29c39b
data/event_grids/grid60_event_A_R.csv,90000,d8d447aeb73d29d1b4aa20bc1bae0f96522c8f69d1d09e9d41ad5533a26bde61
data/event_grids/grid60_event_A_u.csv,90000,3d632313cc24db907b2173236fee21c01577bc51b68cf6bced71833b5b66e3c1
data/event_grids/grid60_event_D_T.csv,90230,653c24b7547dcf612fbbf170da198e9344821b0ad0b966d6d8332630ed3a7ef9
data/event_grids/grid60_event_N_T.csv,90000,187af77708ae9098721aa43d3dc87189a23b80855def8231f7ff400daeb9ec4e
data/event_grids/grid60_event_R_T.csv,90000,6b00e3a432481799e73e2ea61a2ac18dba96d1b623b1795318e351b20a63df6d
data/event_grids/grid60_event_S_T.csv,90230,6873ce8838c713c93ffe7a8d36ab7af99e701848bda6353047623c8154bda05f
data/event_grids/grid60_event_final_on.csv,90000,68934e6c508b16d749c9a00b65810da7d0f7a7907ea190e19da0e9509b033627
data/event_grids/grid60_event_first_on.csv,90000,8aa8e290e697389264f77e1b7e82b91f1e51b11983289e32c3b2f568c8139b75
data/event_grids/grid60_event_n_activations.csv,90000,2e901daecbb0b4588b593aeb4997857f2d950aef580c761f1183e59017868ef0
data/event_grids/grid60_event_n_deactivations.csv,90000,cd11c3f2b460bcc65711e55f04d00c01cfdc747d679d8f393630e7148455bb09
data/event_grids/grid60_event_phi_R_T.csv,90000,a97597a9c7ef21cf8323aff68d48e38ccbaf24721004a9f4c9121257e30824d1
data/event_grids/grid60_event_regime.csv,90000,38a7e40d61687f29439ff6d11fe07560d5bf1a550123ee2c0124098665c7bab2
data/event_grids/grid60_event_t_final.csv,90000,e4c70e68204bb07e03aaf5ef9debba59a12b61a2c7d460c8f3d32fe84fddaa56
data/event_grids/grid60_node_A_N.csv,90000,69577bf01cb3be98225bc7509ba7fb6e7f8c2fef390f173d571e31e850ea39be
data/event_grids/grid60_node_A_R.csv,90000,082ff4581581b708d2cf907bdf650f19d5f4e65c45b82eb0aa591febe5ad273c
data/event_grids/grid60_node_A_u.csv,90000,e6aeb1b6da1d6b191e90a1442f6b96dad6e8b60ce403872504841bcbb7034ab7
data/event_grids/grid60_node_D_T.csv,90249,e9e847faba64b9807ccc3b2965ec95e86ff01e1423a12cfb814b26697eabf630
data/event_grids/grid60_node_N_T.csv,90000,6954110facf3717d2e91a710314a022f049b88df6d5b48253b1d5222c5ce034d
data/event_grids/grid60_node_R_T.csv,90000,2fcf79628b0d595a9edf8efc7298f37758114a77fd8736ea7fef12b276fb17da
data/event_grids/grid60_node_S_T.csv,90249,79034091de6e706ffbe6f6cefd6c0f7483b70d230df0883b2449f80ea58db624
data/event_grids/grid60_node_event_cellwise.csv,657597,8fcbb317f0f499b7cf4db47c7faa45a85f1580490395f3c61ebe37e5f9e7e033
data/event_grids/grid60_node_event_summary.csv,1105,e3ecc9f7d9d2145b2412f8e5c7141c142481e2a694f375fed3efa5584f6cced9
data/event_grids/grid60_node_final_on.csv,90000,f78dda591760aeaf148b9dc4f6ef82cfb136b16b88a0877983c193d0f0e47591
data/event_grids/grid60_node_first_on.csv,90000,03685a8550e87fd583fb53e418fc7a8c090b66ae84604a7b4f65c0f935505231
data/event_grids/grid60_node_n_activations.csv,90000,9e0d9aad1e41cec96feb48394f5e16048331bde33626a9be0af04bcac0041f05
data/event_grids/grid60_node_n_deactivations.csv,90000,121d02e0cb32c85e91adbf98d23d6ee689a6653684305967c3333d37f0e914ee
data/event_grids/grid60_node_phi_R_T.csv,90000,b1451cc2c66d389f55183ce396d8734c9c3f5881f815b41aebbb2bbeb1bc911b
data/event_grids/grid60_node_regime.csv,90000,d2f8bd9aafebf6d6901ff59d119a74a6e35be147a032dcbfad7a242622a85864
data/event_grids/grid60_node_t_final.csv,90000,e4c70e68204bb07e03aaf5ef9debba59a12b61a2c7d460c8f3d32fe84fddaa56
data/event_grids/grid60_regime_transition_long.csv,181,89b56016212972fdf9fbe5c409d8368f0054647a50ef3ecfe2b5a74abec89736
data/event_grids/grid60_theta.csv,1500,e8c54af59f17d0c0bd0a5a969458e5a5f56e7e52482f49a5190c05065cbe0ea7
data/event_grids/metadata.json,268,08e75ee9c3baa7fde35914c69aa2338e44be31786f739369baf31b1b32be70fc
data/event_grids/switching_method_comparison_summary.json,318,9a5c7dbaf4c1af409b811ba0f9f0d329218d41c17001bd65d78fdb807be2227c
data/event_prcc_inputs/lhs_results.csv,957849,3ad17aab222a0c32d3c28412c98b63e1154a4924b384afbd742d9eec830ed04b
data/event_prcc_inputs/lhs_samples.csv,739645,f0ca2314f044a8e0adbe246a36734701de21e27253624e3a35438e8b3b5aca2b
data/event_prcc_outputs/event_step_refinement_16.csv,1880,16155ddd23ec5514eb41244c8777f934a7d9c5cc513fd9f63175348de89d2feb
data/event_prcc_outputs/event_top5_by_output.csv,1966,e678794e6f8a4cb34324a19306548c483e3e13ea7aba58c7baf135ff168be5d9
data/event_prcc_outputs/event_vs_grid_core_12.csv,573,52ce6ff56a7da6bc2ed59186b5fed96128bb4e35f5da0b1ecb1755ca65e69368
data/event_prcc_outputs/lhs_2000_cellwise_protocol_comparison.csv,778868,897c76e92c6442fe4804f274c8f3c4d1783bd39972514ae3fc9579b4f69a253b
data/event_prcc_outputs/lhs_results_event_2000.csv,1015542,9f56bc03efc9dfa45e2a9bfe58f366906d7d6e720c095b9b924df48dd5f3717d
data/event_prcc_outputs/metadata.json,594,27c80c05a0bad7010e717d99e0587c8c03d434f1440e2d36fb33165b75121ccc
data/event_prcc_outputs/prcc_event_15_predictors_activation_subset.csv,6121,93b122a85144216a798692d520966c32eda37abe10217e788c3fde401269bcd9
data/event_prcc_outputs/prcc_event_on_common_activation_subset.csv,6121,93b122a85144216a798692d520966c32eda37abe10217e788c3fde401269bcd9
data/event_prcc_outputs/prcc_node_event_matched_subset.csv,16229,74e20327ae498d832f3ca389141cd7a9b57ba90e72a435035d99cefe8ef78a57
data/event_prcc_outputs/prcc_node_switched_activation_subset.csv,6102,d6bdefef236c0b2863a1c41288e21bee31953c5c4bbef876982b80ec5c8a987f
data/sensitivity/event_step_refinement_16.csv,1880,16155ddd23ec5514eb41244c8777f934a7d9c5cc513fd9f63175348de89d2feb
data/sensitivity/event_top5_by_output.csv,1966,e678794e6f8a4cb34324a19306548c483e3e13ea7aba58c7baf135ff168be5d9
data/sensitivity/event_vs_grid_core_12.csv,573,52ce6ff56a7da6bc2ed59186b5fed96128bb4e35f5da0b1ecb1755ca65e69368
data/sensitivity/lhs_results_event_2000.csv,1015542,9f56bc03efc9dfa45e2a9bfe58f366906d7d6e720c095b9b924df48dd5f3717d
data/sensitivity/metadata.json,594,238a2722aef1a0cc83cf69d1d69053759fb1d8e7f4e08f0c3084edb0a92b97aa
data/sensitivity/plot_input/prcc_rankings.csv,6121,93b122a85144216a798692d520966c32eda37abe10217e788c3fde401269bcd9
data/sensitivity/plot_input/run_metadata.json,594,238a2722aef1a0cc83cf69d1d69053759fb1d8e7f4e08f0c3084edb0a92b97aa
data/sensitivity/prcc_event_15_predictors_activation_subset.csv,6121,93b122a85144216a798692d520966c32eda37abe10217e788c3fde401269bcd9
data/sensitivity/prcc_event_on_common_activation_subset.csv,6121,93b122a85144216a798692d520966c32eda37abe10217e788c3fde401269bcd9
data/sensitivity/scientific_checks.json,589,d2bf08acce0d65d42ac13486ff67c9f30813aee3a9153bf988baa00f0cbf30ef
docs/FIGURE_GUIDE.md,772,ca9e2bf54ee993e4dbae9dfe51a5142fc3bfec7b8c310177f4e058493f552b61
docs/FIGURE_MAP.csv,2142,0e025fac4da9119b57d47b7ec65d860ac51396fad8708106c236093b9d9747ed
docs/MANUSCRIPT_CROSS_REFERENCE.md,4679,3fce528271249349d8e5a758c965e0cb34c2c691f0e94e2c2a7fe136834ba97d
docs/OUTPUT_MAP.csv,1566,191fb68f549e95a9077b6e34b9b1616cd8af759b438cd76e12c0cffe3bdced02
docs/PARAMETER_GUIDE.md,2835,3838b0df88811a0b2fc36e796e8478c11dfa68fcbff0fa69cf795711bc35e16b
docs/PYTHON_CODE_GUIDE.md,4533,bd2ce5b3afbd318f91290f6678fe9d879a126f5ff20a3176ef75cfceb3ae76fa
docs/REPRODUCTION_POLICY.md,1086,65375ce6cca3ff00200fcdce7961b0ee40294085e6f9ff2e247156a0e4af7003
docs/TABLE_S1_RESIDUAL_PROVENANCE.md,1416,f573e1df43c1c6125dfd2d61adb5f264dee955ebda137016107dfcf936cfe2f3
docs/verify_manifests.py,1307,e31a162a9f60431754f6dda1d046f026a1d6644f7650c7f1c431e4f29843b5fd
requirements.txt,102,327d419e60ce98b2324cd88535326f8827d9105780a44393cd73f61f8333aa33
results/SHA256_RESULTS.csv,7915,da770e2f6ac2ee36e91a61a7c8cbc153926dfce5c70bd0d65305bfa524d12312
results/diagnostics/control/exact_residual_diagnostics.png,119333,dabe3ecfc5d99bbf036caa65a316e1dd8aa79aec051d4419d7eae7a2f4eaa58e
results/diagnostics/control/partial_resistance_branch_instability.png,80384,2060c82b4a112e0af167065bc6c18c8d4c4fdc1bf659431c6dabadefad4eaf9f
results/diagnostics/control/scenario_A_discrete_candidates.png,50498,f0b13eed26971538eac61d0ada782955d54f87f4ce43a1649adf3037767253d5
results/diagnostics/event_grids/grid25_event_diagnostics.pdf,68770,b09ab8494720ac3e012a4e799f09123788c07874fb4813f09d0f0c05658d0506
results/diagnostics/event_grids/grid25_event_diagnostics.png,118352,390b11ceb186096e3266d18abc4e10bf4ef7b1ac1370fe681b878684347c9405
results/diagnostics/event_grids/grid25_node_event_difference_maps.pdf,55019,b269e30712b217b28a513a4964d486f1cc9496e3b126360f1dd8cf4ec940ef45
results/diagnostics/event_grids/grid25_node_event_difference_maps.png,77547,255c629a51fcaa86142a7bf0de6a95dad3158084622f20bf31b516508e16c636
results/diagnostics/event_grids/grid50_event_landscape.pdf,137885,f58c37f2f634c31bcdeaf53c469e0ee4b88baa2be1ebabd4f64bafde86f50cad
results/diagnostics/event_grids/grid50_event_landscape.png,143447,cb26d55dd4974cf4c5b65cf04a61c1cba0ee71ba9283156060c8a390821b5c72
results/diagnostics/event_grids/grid50_node_event_difference_maps.pdf,117593,b4574b844c12e54ad58c272b2af9ecf4e267997c618c1644306bfd12429168ba
results/diagnostics/event_grids/grid50_node_event_difference_maps.png,96225,f573dbcb761811254577d450ced43062b68340c43b771d7033352d705946156e
results/diagnostics/event_grids/grid60_event_fig02_regime_outcomes.pdf,236518,b8dd50802ecd2093975af95a97e7b31dc0e9562033231f01cff54f94ca7771f4
results/diagnostics/event_grids/grid60_event_fig02_regime_outcomes.png,216591,bf1908cae0cad13c06991271130cd8064fa879f1929f45c5ea0e8c5988400137
results/diagnostics/event_grids/grid60_event_fig03_burden_outcomes.pdf,130435,edb10fffcaeba42f9d9c530d95e3f7591ea4c2dfad2263055710f3a0b09ab68e
results/diagnostics/event_grids/grid60_event_fig03_burden_outcomes.png,69490,384ae2d837c5cde089521d1be18604338abe38716b0b3ce4e6137976dc8a4fdd
results/diagnostics/event_grids/grid60_event_fig09_tradeoff_clouds.pdf,181495,8c0f12e563254a1ed05da4643e1d961e484dcca183a17538e5e87996b815afa5
results/diagnostics/event_grids/grid60_event_fig09_tradeoff_clouds.png,119951,8bc09a0793cf4d4ed626f351cbb8b31b7f57541d87ec920b799cef8900ebcc0a
results/diagnostics/event_grids/grid60_node_event_difference_maps.png,125800,5f31ada34d086632a10f2c2647f1f9cc7f0faab90124f06e3a7c4f8408d8e13d
results/diagnostics/sensitivity/prcc_aggregate_PRCC_ranking.pdf,20531,3acc25ad930c4ddd6603ff67f6af23f7290c9f01a5969ddaa868c43c37764217
results/diagnostics/sensitivity/prcc_aggregate_PRCC_ranking.png,105898,a638f8eef50469a8b4575674abadcac553d250f35fb16b11fb4ab4b8ddcdb989
results/diagnostics/sensitivity/prcc_global_PRCC_heatmap.pdf,29842,6e25f44443a15d5d25857ce3d588c258309a242642247d727808b8ffe5309780
results/diagnostics/sensitivity/prcc_global_PRCC_heatmap.png,316366,7f889b2280b174a13684ac1c2358bd7e728e3833e6e7e85c5d3bc3e29c25f8b7
results/diagnostics/sensitivity/prcc_tornado_A_R.pdf,20202,147c8b482e8d737a9296b8f7265a56345fd547fe2286882074d29dbc5bc037bd
results/diagnostics/sensitivity/prcc_tornado_A_R.png,91421,2dfc01049270668ab9262e40262220225949a85490e66d13a8ce621622b9c460
results/diagnostics/sensitivity/prcc_tornado_A_u.pdf,20651,d34badb7c24ab06c2fabec9107e0b117562a43ddc379246fdb7e415fa89e5af2
results/diagnostics/sensitivity/prcc_tornado_A_u.png,94271,91a3592b496df8f59324cbf79aa07f729ce982cc43de1175ceb3566cb68074fc
results/diagnostics/sensitivity/prcc_tornado_phi_R_T.pdf,21065,772645a3fbdddb64b19d7767f2babf2f76945863165217ec54f2b828e17d4219
results/diagnostics/sensitivity/prcc_tornado_phi_R_T.png,95987,11e0ed63dbf49a5bed905dad074640ec7e26952a1acb953cc8619cc582ff88c4
results/figures/additional_parametric_diagnostic.png,118352,390b11ceb186096e3266d18abc4e10bf4ef7b1ac1370fe681b878684347c9405
results/figures/main/Fig01_model_structure.png,571099,ab27a7722c2ef713689b39233e4299c11d10e70c66be1f5f964689d3ee516572
results/figures/main/Fig02_initial_condition_landscapes.pdf,162764,d2bd0c0a971528b3a3cc308cca18059401cd3cf3409566426f44725ef83381ab
results/figures/main/Fig03_finite_time_regime_map.png,216591,bf1908cae0cad13c06991271130cd8064fa879f1929f45c5ea0e8c5988400137
results/figures/main/Fig04_activation_conditioned_PRCC_heatmap.pdf,54717,bd8bc3e4e7357630443a328505c7f1daf0cdfba44bc524b5f52d6dbb38cd095a
results/figures/main/Fig05_mechanistic_decomposition.pdf,170649,b46fb78120ab932462115e56e251cac1980cc237964ba7e144080eac1a5318ea
results/figures/main/Fig06_open_loop_control_candidates.pdf,440913,655168325fded322037b70f75ff654468ae8bffed412552cbf33a67fb8ca0fb0
results/figures/supplementary/FigS01_PRCC_terminal_resistant_fraction.pdf,45940,5a4207781f9e304b04b6b55b19a080a6867a8fce9331786ef35284e37c78a3c0
results/figures/supplementary/FigS02_PRCC_cumulative_exposure.pdf,45526,65fbd838543cd2cef405b4f7ce51c39cfb0edff7e9de573f599f271163ef75ef
results/figures/supplementary/FigS03_PRCC_cumulative_resistant_burden.pdf,45077,3888a152630cf6c41e1b80d802e8629db28410305952dfe1a0df8258a2f8de84
results/figures/supplementary/FigS04_event_localized_25x25_diagnostics.pdf,68770,b09ab8494720ac3e012a4e799f09123788c07874fb4813f09d0f0c05658d0506
results/figures/supplementary/FigS05_cumulative_burden.png,69490,384ae2d837c5cde089521d1be18604338abe38716b0b3ce4e6137976dc8a4fdd
results/figures/supplementary/FigS06_tradeoff_structure.png,119951,8bc09a0793cf4d4ed626f351cbb8b31b7f57541d87ec920b799cef8900ebcc0a
results/figures/supplementary/FigS07_mean_absolute_PRCC.pdf,45406,45be499db1deef10737ba4475cc4020138dd62f8761fc66eb1d0ef2af180e3d8
results/reference_tables/comparator_crosscheck.csv,2213,3b59db6fa06522f6385fe75215ffbd5e9329cbefa82c39450d87017f5e13720e
results/reference_tables/event_validation_five_cases.csv,1258,0f4f0256324a4e5dca4d478d3369a530851c52391c7c61e84893fabe69b499b6
results/reference_tables/event_validation_maxstep_crosscheck.csv,2268,10f1b7d241569d401da8c3cf090fa05f2209996b828416ee8c50cb8bcc763e99
results/reference_tables/event_validation_summary.json,578,4b3f28a6924abee574719e8afa918e79d7d49161394ab7ad7c5a67d99844a8fd
results/reference_tables/grid_replot/INDEPENDENT_GRID25_DATA_VIEW.pdf,27904,47d4bcd601d0a29dee7028fd20d20724f5a97a6fd98e85d862164d4473e99eb2
results/reference_tables/grid_replot/INDEPENDENT_GRID50_DATA_VIEW.pdf,34433,22bd7c95e122d1438d2692d3a6d891d4d723f660557eed3df53561eaabcdd10d
results/reference_tables/grid_replot/INDEPENDENT_GRID60_DATA_VIEW.pdf,35143,af319ad15e8b2d53b0ac771b0da6b6f25fbd9893b39428f838210f4c2d6344db
results/reference_tables/protocol_comparator_summary.json,296,2e51eb8bb710d9263ff6dc5eeb6e03c290e49fc2d8bb16130685b66088aa47f4
results/reference_tables/protocol_control_candidate_outcomes.csv,1603,2484c636618d4cf527def5ac84a69cfa5f5bcc108b416af8b9862898807dcbba
results/reference_tables/reported_tables/control_refinement_source_check.csv,575,c3d99e7c9ac5cc22517bebfbb5b773ffdb127a04b5dd95a54c8abc3cd6bf2f84
results/reference_tables/reported_tables/main_AT_vs_MTD_summary.csv,267,83ed3c7e13227b2fa402d590cf99c3f3d74cdc3902775811dd127f29d57d2b41
results/reference_tables/reported_tables/main_cycle_stratified_summary.csv,197,753b7431b0e4ebc9936a8b8a7fe49a00c86b024d56cdfbccfbfc52848fc8df78
results/reference_tables/reported_tables/main_parametric_25x25_summary.csv,185,314a02a23931864696cf43837649cb9c142e3ec1a05673ebc5c44650628df150
results/reference_tables/reported_tables/reported_tables_summary.json,452,26e98947cd5d42683369a19e0a0dcb36224f08e01421b7d0b5b83f09cb5a5907
results/reference_tables/reported_tables/supp_global_sensitivity_counts.csv,49,42d352fe1482e1a337e516f3f89380a38d532655baf52509db849721328b86f9
results/reference_tables/reported_tables/supp_mean_absolute_PRCC.csv,382,cd08d23feedf2c4df7a7c1bf9db4c34584acc528cd43aa6d419a8709a17be005
results/reference_tables/reported_tables/supp_partial_resistant_sensitivity.csv,2113,fa47d254a53d6e6cb9b86a493d767764a56fbb3fb63c5b559f83dab1a1dc5d6f
results/reference_tables/reported_tables/supp_soft_safety_summary.csv,865,4dc86751f126e9f408746057ee5119080dfae56ef7c967e3d61fd77dac629f93
results/reference_tables/reported_tables/supp_threshold_sensitivity.csv,70,002e81f0ffb0a29720d2e8e57c2fc1f39cba0d05ba243d7e87be731b43bb318e
results/reference_tables/temporal_switching_table.csv,458,7170c99b2c32b594ac3386d2e97468c2bc0b7be5f1efbb666a71266971fa8abf
scripts/output_safety.py,602,4f594719b0174bbe78686ebcc3d58d4b1bdac100a4b3dd8e307d1bcfb0abc8f2
scripts/paths.py,520,9f6e79f1787d46111af0c739b866cebec5409be0d9439387f8e18b54545c65de
scripts/reproduce_control.py,5855,7b49b61a312e69c8d727afa04439bbde60114be42bc986e830b8ffe31c69dd8b
scripts/reproduce_event_validation.py,6104,2caaf24d384604df6221de4c8f05ee119ed5df2607e96b5e9507d5ed52027869
scripts/reproduce_protocol_comparator_table.py,6676,2a2e7c0bf22ebeee2ab9dfb28f548483ac5f9c73b8b543da5fa689541373e699
scripts/reproduce_reported_summary_tables.py,5778,ee948e45e42289d14317b90e314870a804ae329687b78052d8dc895c00d8729e
scripts/reproduce_temporal_convergence.py,1265,7691bf9e166721aac7f2a88c3978a4f0e30f93aa8b6943fde5ff0914d03b2c3b
scripts/run_custom_trajectory.py,2585,3543203f4a644bc72aa47a722f20d20bee7cadf9d2bee116c7d7d415c8efcfd1
scripts/run_reproducibility.py,3362,18ab62aefa8bb790e88a73ae62daf439964bfa717c3a0046861852101c43e37a
scripts/verify_reference_data.py,996,04eaa31034d101665f5eed1ed90aeed00257a597c622be0243e348f953472ca7
scripts/verify_supp_table_S1.py,1625,4d7f3c3f2d1b65553238d4bccb23f1c28581f7e6494f0cfe5d0e6107486cd75e
src/control/code/check_baseline.py,2524,ad9b7c471b01baa2db8589788620d148043c1cc17ae7a3ca15d88d71a2cf4199
src/control/code/control_discrete_adjoint.py,3443,204697247bc6f637a9ae44b32e36131f8ae906e5d79b7cb43ba99cd5383d9590
src/control/code/control_dynamics.py,5299,b4d92eea95a4daa9f0ed779f6583f5eb9ac42203bd81d5dfe76ef2ac7bf22327
src/control/code/control_model.py,8585,5de33ac3dbc6e8b24e44b24b3c8ffa28975a354668cec1c3f81db3c67c4ef1aa
src/control/code/discrete_gradient_check.py,2483,4453434a0dd09208c5d8e2ba72fc68ef11576821eb94a6a5ffe39f6107673f3d
src/control/code/run_exact.py,1648,6be40c2f28c9b0d93286224c96007dc444cd685248d81e08cb4a8e6bfcde8228
src/control/code/run_exact_tail.py,1514,293a24177b6fd67d900e8daa836eefe8ff41fc042690b5db1b39429a039d3a8d
src/control/code/run_partial_resistance.py,1156,84066f1c287d95f3fc2c0e939ecb1189b29ec80ff2560159a79a005cac159dbd
src/control/code/test_discrete_adjoint.py,866,feeddb5e28a8d2adeda9dc5c2abd7f57618643772d4bd4300cd57487f099a1ca
src/control/code/validate_selected_exact.py,2100,74aa6133197496c9527aaaf7a8f68d642839298fd4a1b42e32dde10291d3347f
src/event_grids/event_core.py,3272,f319701fd5af57e8a856cfd00e2b219e2082d6d74ec4c0ca8526ab6bf0121e42
src/reproduction/control/plot_control_from_reference_npz.py,1986,4150d02c780498e2f84a602cc8f3753fb56122806ff1d6dc7f334ead8e05eb94
src/reproduction/event_prcc/core/event_core.py,3272,f319701fd5af57e8a856cfd00e2b219e2082d6d74ec4c0ca8526ab6bf0121e42
src/reproduction/event_prcc/recompute_lhs_event_portable.py,8702,5a6a46b924d857993d2b24a1e1c6ce2e52f666b1e7f344c026e3cbc5ef2d20ca
src/reproduction/grids/plot_grids_from_reference_csv.py,1424,9637cdc970b9d03dd935d7818d5982e85deb9c996045e854f8f6d363ec556c1c
src/reproduction/grids/reproduce_all_grids.py,3297,74d060db3779a31031d32a908f09a56c509eeda62820bef655e8c16bce9dbee0
src/sensitivity/plot_prcc.py,9337,08f24115eb1343f903cf0133eaa22556b1a07d88c34e6cd4f3701b1d1bc57b61
