scenario,init,dt,wsafe,nsafe,dr_ratio,best_J,last_J,iterations,best_iteration,best_residual,last_residual,converged,A_N,A_R,A_u,A_u2,A_safe,N_T,R_T,phi_R_T,N_max_nodes,runtime_s
A,AT,0.5,0.0,0.52,0.0,146.06245211128203,146.06245211128203,976,976,9.764788435950855e-06,9.764788435950855e-06,True,81.24117257160415,9.87144505506695,6.766663257439675,6.3080905402988074,0.010797018003674507,0.18974047737793137,0.04207142558800635,0.22173142056666742,0.5400782089088431,11.107359550999718
A,half,0.5,0.0,0.52,0.0,145.5389790873558,145.5389790873558,1000,1000,4.00357861849443e-05,4.00357861849443e-05,False,48.57044423649879,11.374078857581662,7.777284720670012,7.453002322691712,8.302711600309392e-08,0.17878036858129515,0.04431354708913279,0.24786584478363743,0.5203772665317332,2.961829695000233
A,MTD,0.5,0.0,0.52,0.0,145.53898178679395,145.53898178679395,1000,1000,0.0013445511879984773,0.0013445511879984773,False,48.57094573445455,11.374007846929013,7.77702081048556,7.457224343833083,8.302711600162793e-08,0.17879133477651957,0.044312870203587575,0.24784685599543455,0.5203772665317268,3.02167151499998
B,AT,0.5,0.0,0.52,0.0,150.71237748615337,150.71237748615337,226,226,9.237081921167456e-06,9.237081921167456e-06,True,167.23057945379367,6.530413953985686,9.237081921167454e-06,8.532368241835866e-11,0.5591660033705912,0.5944431448712724,0.0235355733464892,0.039592639850503895,0.5944431448712724,0.6490319799995632
B,half,0.5,0.0,0.52,0.0,150.7140796003733,150.7140796003733,320,320,9.361724028804707e-06,9.361724028804707e-06,True,167.22629992989715,6.530605752009727,7.731751536874268e-05,3.9512666989955123e-10,0.5588410504729114,0.5944283257699546,0.02353636404947789,0.03959495708585484,0.5944283257699546,0.9324400429995876
B,MTD,0.5,0.0,0.52,0.0,150.71408507481934,150.71408507481934,334,334,9.466754821302673e-06,9.466754821302673e-06,True,167.22628897600038,6.530606341802285,7.724329839001293e-05,4.0094469568440215e-10,0.5588410824552853,0.5944283513021885,0.023536363730718185,0.0395949548489033,0.5944283513021885,0.9880605629996353
C,AT,0.5,0.0,0.52,0.0,129.1459778564445,129.1459778564445,242,242,9.328113774152713e-06,9.328113774152713e-06,True,17.55512786332112,12.486542410051866,21.633071319191032,16.521871432977424,0.0,0.059864118732063536,0.04966156966065931,0.8295715482413059,0.52,0.7041822219998721
C,half,0.5,0.0,0.52,0.0,129.1459700607871,129.1459700607871,280,280,9.44129143289063e-06,9.44129143289063e-06,True,17.55510950185756,12.486541904540235,21.633081292181853,16.521874491642176,0.0,0.059864014306238736,0.049661569624783804,0.8295729947333037,0.52,0.8155800939994151
C,MTD,0.5,0.0,0.52,0.0,129.1459684151778,129.1459684151778,294,294,9.235520358939764e-06,9.235520358939764e-06,True,17.555111333773503,12.48654173492361,21.633077432684043,16.521874472983672,0.0,0.05986402854700856,0.04966156859710169,0.8295727802231797,0.52,0.8535961240004326
A,AT,0.25,0.0,0.52,0.0,146.04275076898375,146.04275076898375,1000,1000,0.031437381265640274,0.031437381265640274,False,80.71226861069323,9.893226394677983,6.811234475452134,6.34551270818068,0.010332298120030812,0.18912529117825713,0.042116300736126766,0.22268994524074887,0.539765306023149,5.723248812999373
