row_id,phi_diff,AR_diff,Au_diff,AN_diff,Nmax_diff,cycles_diff
0,8.276654639427505e-09,4.14695469430626e-06,-2.0062434957779374e-07,-2.835733994288603e-07,0.0,0.0
1,3.867298431492472e-08,9.350183688638936e-06,-8.088303782294304e-07,3.800583954216563e-07,6.661338147750939e-16,0.0
2,1.2378986724570495e-14,8.15987277746899e-11,0.0,3.2878233469091356e-10,8.426592756904938e-14,0.0
3,6.494893528552481e-08,2.1559689514560887e-05,-1.1139840365714804e-06,-3.009949978149962e-08,-2.220446049250313e-16,0.0
4,1.2294843559912394e-08,4.793342355924324e-06,-4.55015105593759e-07,-7.375717814284144e-08,5.551115123125783e-16,0.0
5,1.2766087409410432e-08,2.4203995003801992e-06,-2.972374204102124e-06,2.3064478682499612e-07,0.0,0.0
6,1.3790240060984615e-09,4.0490397168468917e-07,-1.9749867519180953e-08,-4.043772605655249e-08,-6.661338147750939e-16,0.0
7,1.96787031114809e-14,6.711786681989906e-11,0.0,2.8040858524036594e-10,7.638334409421077e-14,0.0
8,-1.4682699500667695e-14,4.2945202949340455e-11,0.0,3.2025582186179236e-10,1.2789769243681803e-13,0.0
9,1.0067334588192978e-07,1.2090374241324753e-05,-5.9796089768582306e-06,9.82789458703337e-07,-1.4432899320127035e-15,0.0
10,1.0266192895791448e-07,1.637885335981082e-05,-3.2700307253108463e-06,1.4401632597582648e-07,-4.440892098500626e-16,0.0
11,1.5210351145267254e-08,4.880873532897567e-06,-1.0044372171780225e-06,-1.5396733488159953e-07,-4.440892098500626e-16,0.0
500,1.7242189342958625e-09,5.241571585656857e-07,-1.2698583284898035e-07,1.399067741658655e-07,-1.1102230246251565e-16,0.0
1000,2.9434704673647616e-10,9.753060226103116e-08,-4.0896711794857765e-08,3.5436187317827716e-09,1.1102230246251565e-16,0.0
1500,4.433953204596719e-15,1.2807532812075806e-11,0.0,2.9979219107190147e-10,9.614531393253856e-14,0.0
1999,1.5978187967169433e-08,3.747245585827841e-06,-2.158607821600711e-06,3.277648374933051e-08,-8.881784197001252e-16,0.0
