output,parameter,PRCC_nodal,abs_PRCC_nodal,PRCC_event,abs_PRCC_event,delta_PRCC,delta_abs_PRCC
phi_R_T,rS,-0.03458947306587929,0.03458947306587929,-0.01927303779804535,0.01927303779804535,0.015316435267833942,-0.015316435267833942
phi_R_T,rD,0.021781550926106973,0.021781550926106973,0.018987080011435835,0.018987080011435835,-0.0027944709146711377,-0.0027944709146711377
phi_R_T,rR,0.6059465712944583,0.6059465712944583,0.6019364736420411,0.6019364736420411,-0.004010097652417222,-0.004010097652417222
phi_R_T,dS,0.15361076695901682,0.15361076695901682,0.09386885472470771,0.09386885472470771,-0.05974191223430911,-0.05974191223430911
phi_R_T,dD_ratio,0.02949125060177259,0.02949125060177259,0.014892729459492396,0.014892729459492396,-0.014598521142280194,-0.014598521142280194
phi_R_T,dR,-0.25233094044987775,0.25233094044987775,-0.25203655236406014,0.25203655236406014,0.00029438808581760956,-0.00029438808581760956
phi_R_T,alpha0,0.1490179110453984,0.1490179110453984,0.16017688510836012,0.16017688510836012,0.011158974062961707,0.011158974062961707
phi_R_T,alpha1,0.18203288470586965,0.18203288470586965,0.21362078814027427,0.21362078814027427,0.031587903434404624,0.031587903434404624
phi_R_T,beta,-0.3347741691841254,0.3347741691841254,-0.3278833112078733,0.3278833112078733,0.006890857976252107,-0.006890857976252107
phi_R_T,eta,0.681075620352752,0.681075620352752,0.6768954838764661,0.6768954838764661,-0.004180136476285901,-0.004180136476285901
phi_R_T,N_on,-0.3699325755606483,0.3699325755606483,-0.3894660845947204,0.3894660845947204,-0.019533509034072083,0.019533509034072083
phi_R_T,hwidth,0.12830369309620154,0.12830369309620154,0.1486124916795297,0.1486124916795297,0.020308798583328153,0.020308798583328153
phi_R_T,S0,-0.04375527933200615,0.04375527933200615,-0.04388543930506335,0.04388543930506335,-0.00013015997305719507,0.00013015997305719507
phi_R_T,R0,0.7200990698499958,0.7200990698499958,0.7268376950272295,0.7268376950272295,0.00673862517723367,0.00673862517723367
phi_R_T,T,0.39341404207167296,0.39341404207167296,0.40025119359210104,0.40025119359210104,0.006837151520428075,0.006837151520428075
A_R,rS,0.0254757201615077,0.0254757201615077,0.02823308501171313,0.02823308501171313,0.0027573648502054286,0.0027573648502054286
A_R,rD,0.01080204324157887,0.01080204324157887,0.010636367315853799,0.010636367315853799,-0.0001656759257250718,-0.0001656759257250718
A_R,rR,0.4913633760691148,0.4913633760691148,0.48884771894104917,0.48884771894104917,-0.002515657128065618,-0.002515657128065618
A_R,dS,0.0323135199509919,0.0323135199509919,0.016074720559275127,0.016074720559275127,-0.016238799391716775,-0.016238799391716775
A_R,dD_ratio,0.012259090312146233,0.012259090312146233,0.012238056860813222,0.012238056860813222,-2.1033451333011058e-05,-2.1033451333011058e-05
A_R,dR,-0.1619535272304711,0.1619535272304711,-0.15085707477569685,0.15085707477569685,0.011096452454774253,-0.011096452454774253
A_R,alpha0,0.15003189883814838,0.15003189883814838,0.1574250781143944,0.1574250781143944,0.007393179276246026,0.007393179276246026
A_R,alpha1,0.1892480901051259,0.1892480901051259,0.19377539128251065,0.19377539128251065,0.004527301177384757,0.004527301177384757
A_R,beta,-0.27836510292695155,0.27836510292695155,-0.27354758881670216,0.27354758881670216,0.004817514110249388,-0.004817514110249388
A_R,eta,0.595555475610705,0.595555475610705,0.5871514259048444,0.5871514259048444,-0.008404049705860617,-0.008404049705860617
A_R,N_on,-0.11212722411996635,0.11212722411996635,-0.1219531585881423,0.1219531585881423,-0.00982593446817595,0.00982593446817595
A_R,hwidth,0.009139248487137628,0.009139248487137628,0.0185143525465756,0.0185143525465756,0.00937510405943797,0.00937510405943797
A_R,S0,0.01809888983928062,0.01809888983928062,0.00993451752582759,0.00993451752582759,-0.00816437231345303,-0.00816437231345303
A_R,R0,0.8190948532233203,0.8190948532233203,0.8223193747542437,0.8223193747542437,0.003224521530923341,0.003224521530923341
A_R,T,0.7540699692273726,0.7540699692273726,0.7557382732967789,0.7557382732967789,0.0016683040694063234,0.0016683040694063234
A_u,rS,0.5783642173293952,0.5783642173293952,0.5922574033876822,0.5922574033876822,0.013893186058286933,0.013893186058286933
A_u,rD,0.04950008507725633,0.04950008507725633,0.049017023902599474,0.049017023902599474,-0.00048306117465685833,-0.00048306117465685833
A_u,rR,0.4075911222631206,0.4075911222631206,0.42545935504824867,0.42545935504824867,0.017868232785128058,0.017868232785128058
A_u,dS,-0.8304578807833809,0.8304578807833809,-0.8488464769941314,0.8488464769941314,-0.018388596210750507,0.018388596210750507
A_u,dD_ratio,-0.11466358458514024,0.11466358458514024,-0.13853380245284375,0.13853380245284375,-0.023870217867703505,0.023870217867703505
A_u,dR,-0.15146194594208648,0.15146194594208648,-0.17407833887367213,0.17407833887367213,-0.022616392931585655,0.022616392931585655
A_u,alpha0,0.07118744403896095,0.07118744403896095,0.09062679002919491,0.09062679002919491,0.01943934599023396,0.01943934599023396
A_u,alpha1,0.31088851179364196,0.31088851179364196,0.31499261381135646,0.31499261381135646,0.004104102017714495,0.004104102017714495
A_u,beta,-0.09082083530342898,0.09082083530342898,-0.08803994692457383,0.08803994692457383,0.002780888378855151,-0.002780888378855151
A_u,eta,0.15157357422392345,0.15157357422392345,0.17903501255450208,0.17903501255450208,0.027461438330578625,0.027461438330578625
A_u,N_on,-0.6810673996645797,0.6810673996645797,-0.7079354400704655,0.7079354400704655,-0.02686804040588575,0.02686804040588575
A_u,hwidth,0.547449218292849,0.547449218292849,0.576884385839493,0.576884385839493,0.029435167546643992,0.029435167546643992
A_u,S0,0.5224471402481043,0.5224471402481043,0.5370280719000143,0.5370280719000143,0.01458093165190999,0.01458093165190999
A_u,R0,0.37612059649230467,0.37612059649230467,0.385176652491788,0.385176652491788,0.009056055999483337,0.009056055999483337
A_u,T,0.5958089412266493,0.5958089412266493,0.6089640637254692,0.6089640637254692,0.013155122498819893,0.013155122498819893
A_N,rS,-0.016783136121300526,0.016783136121300526,0.009732621619133436,0.009732621619133436,0.02651575774043396,-0.00705051450216709
A_N,rD,-0.00339115152877235,0.00339115152877235,0.0017454389350000416,0.0017454389350000416,0.005136590463772392,-0.0016457125937723084
A_N,rR,0.012288370782873276,0.012288370782873276,-0.008840262618428305,0.008840262618428305,-0.021128633401301583,-0.0034481081644449716
A_N,dS,-0.1450203681453367,0.1450203681453367,0.014662350345144402,0.014662350345144402,0.1596827184904811,-0.1303580178001923
A_N,dD_ratio,-0.028518552564423604,0.028518552564423604,-0.006292887506902815,0.006292887506902815,0.02222566505752079,-0.02222566505752079
A_N,dR,-0.04533650778048951,0.04533650778048951,-0.023847186537639144,0.023847186537639144,0.021489321242850367,-0.021489321242850367
A_N,alpha0,0.01634984713822778,0.01634984713822778,0.01076799057636806,0.01076799057636806,-0.00558185656185972,-0.00558185656185972
A_N,alpha1,0.08855611126536632,0.08855611126536632,0.02412893250590067,0.02412893250590067,-0.06442717875946564,-0.06442717875946564
A_N,beta,-0.005894534003046503,0.005894534003046503,0.0077051116249847295,0.0077051116249847295,0.013599645628031232,0.0018105776219382265
A_N,eta,0.016515800591669873,0.016515800591669873,0.0192818383730418,0.0192818383730418,0.002766037781371928,0.002766037781371928
A_N,N_on,0.8852010363005506,0.8852010363005506,0.8819105850452879,0.8819105850452879,-0.0032904512552627274,-0.0032904512552627274
A_N,hwidth,-0.5513739717371969,0.5513739717371969,-0.5706166152073372,0.5706166152073372,-0.019242643470140264,0.019242643470140264
A_N,S0,0.4216462447029896,0.4216462447029896,0.48612366911039195,0.48612366911039195,0.06447742440740234,0.06447742440740234
A_N,R0,0.15017432511152276,0.15017432511152276,0.14563838412468386,0.14563838412468386,-0.0045359409868389045,-0.0045359409868389045
A_N,T,0.973791190160097,0.973791190160097,0.9741586543828473,0.9741586543828473,0.00036746422275035773,0.00036746422275035773
N_T,rS,0.07797648004997286,0.07797648004997286,0.0599231849860836,0.0599231849860836,-0.01805329506388926,-0.01805329506388926
N_T,rD,-0.03334023702952066,0.03334023702952066,-0.03025493621375041,0.03025493621375041,0.003085300815770249,-0.003085300815770249
N_T,rR,0.05238973116523303,0.05238973116523303,0.002259280353837761,0.002259280353837761,-0.05013045081139527,-0.05013045081139527
N_T,dS,-0.17705951172618078,0.17705951172618078,-0.016794409008842,0.016794409008842,0.1602651027173388,-0.1602651027173388
N_T,dD_ratio,-0.048963958505288147,0.048963958505288147,0.004168226803091182,0.004168226803091182,0.05313218530837933,-0.044795731702196966
N_T,dR,-0.05367786558524959,0.05367786558524959,0.007515624560886741,0.007515624560886741,0.06119349014613633,-0.04616224102436285
N_T,alpha0,0.009043158458621758,0.009043158458621758,0.0020176017183574546,0.0020176017183574546,-0.0070255567402643035,-0.0070255567402643035
N_T,alpha1,0.09692210235439976,0.09692210235439976,0.004279430827989874,0.004279430827989874,-0.09264267152640988,-0.09264267152640988
N_T,beta,0.018591105576864695,0.018591105576864695,0.021188301489422492,0.021188301489422492,0.0025971959125577967,0.0025971959125577967
N_T,eta,0.036709140092694485,0.036709140092694485,-0.02815485897848611,0.02815485897848611,-0.0648639990711806,-0.008554281114208376
N_T,N_on,0.7636940665276011,0.7636940665276011,0.8309275692012374,0.8309275692012374,0.06723350267363637,0.06723350267363637
N_T,hwidth,-0.4487331900899159,0.4487331900899159,-0.53834534777531,0.53834534777531,-0.08961215768539404,0.08961215768539404
N_T,S0,0.06910722333516865,0.06910722333516865,0.05020561619047373,0.05020561619047373,-0.018901607144694924,-0.018901607144694924
N_T,R0,0.035832823768829396,0.035832823768829396,0.004937633757255262,0.004937633757255262,-0.030895190011574133,-0.030895190011574133
N_T,T,0.07055448535997308,0.07055448535997308,0.03553619225650347,0.03553619225650347,-0.03501829310346961,-0.03501829310346961
N_max,rS,0.10625550388448161,0.10625550388448161,0.10535450508162855,0.10535450508162855,-0.0009009988028530619,-0.0009009988028530619
N_max,rD,-0.02694467285026645,0.02694467285026645,-0.027052113676712283,0.027052113676712283,-0.00010744082644583222,0.00010744082644583222
N_max,rR,0.05071056799755848,0.05071056799755848,0.050465652843110845,0.050465652843110845,-0.00024491515444763357,-0.00024491515444763357
N_max,dS,0.03029900770597332,0.03029900770597332,0.0304599314532742,0.0304599314532742,0.00016092374730087775,0.00016092374730087775
N_max,dD_ratio,0.0018134869140082656,0.0018134869140082656,0.0018110090547755185,0.0018110090547755185,-2.4778592327470966e-06,-2.4778592327470966e-06
N_max,dR,-0.007694456874357172,0.007694456874357172,-0.007840085658217113,0.007840085658217113,-0.00014562878385994057,0.00014562878385994057
N_max,alpha0,0.022316622763650186,0.022316622763650186,0.022188256385874124,0.022188256385874124,-0.00012836637777606172,-0.00012836637777606172
N_max,alpha1,-0.004425964618683416,0.004425964618683416,-0.0046039502022026686,0.0046039502022026686,-0.0001779855835192523,0.0001779855835192523
N_max,beta,-0.006984606546605725,0.006984606546605725,-0.007110715619153982,0.007110715619153982,-0.00012610907254825658,0.00012610907254825658
N_max,eta,0.0004973068118936362,0.0004973068118936362,0.0007525385230381362,0.0007525385230381362,0.00025523171114450003,0.00025523171114450003
N_max,N_on,0.9592788914921045,0.9592788914921045,0.9591912937851869,0.9591912937851869,-8.759770691768587e-05,-8.759770691768587e-05
N_max,hwidth,-0.005851664371153844,0.005851664371153844,-0.005653382685815953,0.005653382685815953,0.00019828168533789128,-0.00019828168533789128
N_max,S0,0.47189991135537135,0.47189991135537135,0.4721323930899577,0.4721323930899577,0.0002324817345863428,0.0002324817345863428
N_max,R0,0.20613427406012197,0.20613427406012197,0.20603426522955504,0.20603426522955504,-0.00010000883056693333,-0.00010000883056693333
N_max,T,0.076677050983481,0.076677050983481,0.07657530982867035,0.07657530982867035,-0.00010174115481065282,-0.00010174115481065282
n_cycles,rS,0.675636480190784,0.675636480190784,0.6968255886231579,0.6968255886231579,0.02118910843237387,0.02118910843237387
n_cycles,rD,0.030364837425926133,0.030364837425926133,0.03435952956560547,0.03435952956560547,0.003994692139679339,0.003994692139679339
n_cycles,rR,0.3670493778653797,0.3670493778653797,0.3733872301939535,0.3733872301939535,0.0063378523285737565,0.0063378523285737565
n_cycles,dS,-0.1318450682139742,0.1318450682139742,0.02669938481013713,0.02669938481013713,0.15854445302411135,-0.10514568340383708
n_cycles,dD_ratio,0.0093996961338177,0.0093996961338177,0.0125030474562626,0.0125030474562626,0.0031033513224448996,0.0031033513224448996
n_cycles,dR,0.008622091990937001,0.008622091990937001,-0.010433657661774318,0.010433657661774318,-0.01905574965271132,0.0018115656708373173
n_cycles,alpha0,0.025857676955036376,0.025857676955036376,0.017492548092427077,0.017492548092427077,-0.0083651288626093,-0.0083651288626093
n_cycles,alpha1,0.029150657096616284,0.029150657096616284,-0.0016045885475937528,0.0016045885475937528,-0.030755245644210037,-0.027546068549022532
n_cycles,beta,-0.044382142058010596,0.044382142058010596,-0.03271051279729785,0.03271051279729785,0.011671629260712746,-0.011671629260712746
n_cycles,eta,0.04906684425420562,0.04906684425420562,0.07036130214114784,0.07036130214114784,0.021294457886942224,0.021294457886942224
n_cycles,N_on,-0.4287731683240411,0.4287731683240411,-0.4344059907754764,0.4344059907754764,-0.005632822451435315,0.005632822451435315
n_cycles,hwidth,-0.5416872678900975,0.5416872678900975,-0.6609284027439907,0.6609284027439907,-0.1192411348538932,0.1192411348538932
n_cycles,S0,0.46602633323858855,0.46602633323858855,0.5272657529722287,0.5272657529722287,0.06123941973364011,0.06123941973364011
n_cycles,R0,0.23901637732320102,0.23901637732320102,0.2307396513280255,0.2307396513280255,-0.00827672599517551,-0.00827672599517551
n_cycles,T,0.6690045130719173,0.6690045130719173,0.6772083419626282,0.6772083419626282,0.008203828890710918,0.008203828890710918
first_on,rS,-0.7445552864527113,0.7445552864527113,-0.7445379649174083,0.7445379649174083,1.7321535302983193e-05,-1.7321535302983193e-05
first_on,rD,-0.0870132083864931,0.0870132083864931,-0.08694175485051556,0.08694175485051556,7.145353597753923e-05,-7.145353597753923e-05
first_on,rR,-0.2437330634568634,0.2437330634568634,-0.24366614485258292,0.24366614485258292,6.69186042804859e-05,-6.69186042804859e-05
first_on,dS,-0.001791336419953663,0.001791336419953663,-0.0018118528138973955,0.0018118528138973955,-2.0516393943732607e-05,2.0516393943732607e-05
first_on,dD_ratio,-0.020868558615936752,0.020868558615936752,-0.020892693033608887,0.020892693033608887,-2.4134417672135033e-05,2.4134417672135033e-05
first_on,dR,0.007831764403052978,0.007831764403052978,0.007890747892551201,0.007890747892551201,5.8983489498223504e-05,5.8983489498223504e-05
first_on,alpha0,-0.030826533758784663,0.030826533758784663,-0.030779661202592845,0.030779661202592845,4.687255619181818e-05,-4.687255619181818e-05
first_on,alpha1,-0.017988230069659248,0.017988230069659248,-0.01795382551965821,0.01795382551965821,3.4404550001039536e-05,-3.4404550001039536e-05
first_on,beta,0.022221294936130082,0.022221294936130082,0.022178838855183278,0.022178838855183278,-4.245608094680456e-05,-4.245608094680456e-05
first_on,eta,-0.025905196108823542,0.025905196108823542,-0.02587306820004717,0.02587306820004717,3.212790877637345e-05,-3.212790877637345e-05
first_on,N_on,0.874634570127409,0.874634570127409,0.8746190528636407,0.8746190528636407,-1.551726376824991e-05,-1.551726376824991e-05
first_on,hwidth,-0.027052567849982723,0.027052567849982723,-0.027016602841208,0.027016602841208,3.596500877472292e-05,-3.596500877472292e-05
first_on,S0,-0.9314327530037319,0.9314327530037319,-0.9314166095888832,0.9314166095888832,1.6143414848679427e-05,-1.6143414848679427e-05
first_on,R0,-0.5603498994323015,0.5603498994323015,-0.5603104447190111,0.5603104447190111,3.945471329036554e-05,-3.945471329036554e-05
first_on,T,0.08643317097346842,0.08643317097346842,0.08637408527838675,0.08637408527838675,-5.908569508167316e-05,-5.908569508167316e-05
