output,parameter,PRCC,abs_PRCC
phi_R_T,rS,-0.03458947306587929,0.03458947306587929
phi_R_T,rD,0.021781550926106973,0.021781550926106973
phi_R_T,rR,0.6059465712944583,0.6059465712944583
phi_R_T,dS,0.15361076695901682,0.15361076695901682
phi_R_T,dD_ratio,0.02949125060177259,0.02949125060177259
phi_R_T,dR,-0.25233094044987775,0.25233094044987775
phi_R_T,alpha0,0.1490179110453984,0.1490179110453984
phi_R_T,alpha1,0.18203288470586965,0.18203288470586965
phi_R_T,beta,-0.3347741691841254,0.3347741691841254
phi_R_T,eta,0.681075620352752,0.681075620352752
phi_R_T,N_on,-0.3699325755606483,0.3699325755606483
phi_R_T,hwidth,0.12830369309620154,0.12830369309620154
phi_R_T,S0,-0.04375527933200615,0.04375527933200615
phi_R_T,R0,0.7200990698499958,0.7200990698499958
phi_R_T,T,0.39341404207167296,0.39341404207167296
A_R,rS,0.0254757201615077,0.0254757201615077
A_R,rD,0.01080204324157887,0.01080204324157887
A_R,rR,0.4913633760691148,0.4913633760691148
A_R,dS,0.0323135199509919,0.0323135199509919
A_R,dD_ratio,0.012259090312146233,0.012259090312146233
A_R,dR,-0.1619535272304711,0.1619535272304711
A_R,alpha0,0.15003189883814838,0.15003189883814838
A_R,alpha1,0.1892480901051259,0.1892480901051259
A_R,beta,-0.27836510292695155,0.27836510292695155
A_R,eta,0.595555475610705,0.595555475610705
A_R,N_on,-0.11212722411996635,0.11212722411996635
A_R,hwidth,0.009139248487137628,0.009139248487137628
A_R,S0,0.01809888983928062,0.01809888983928062
A_R,R0,0.8190948532233203,0.8190948532233203
A_R,T,0.7540699692273726,0.7540699692273726
A_u,rS,0.5783642173293952,0.5783642173293952
A_u,rD,0.04950008507725633,0.04950008507725633
A_u,rR,0.4075911222631206,0.4075911222631206
A_u,dS,-0.8304578807833809,0.8304578807833809
A_u,dD_ratio,-0.11466358458514024,0.11466358458514024
A_u,dR,-0.15146194594208648,0.15146194594208648
A_u,alpha0,0.07118744403896095,0.07118744403896095
A_u,alpha1,0.31088851179364196,0.31088851179364196
A_u,beta,-0.09082083530342898,0.09082083530342898
A_u,eta,0.15157357422392345,0.15157357422392345
A_u,N_on,-0.6810673996645797,0.6810673996645797
A_u,hwidth,0.547449218292849,0.547449218292849
A_u,S0,0.5224471402481043,0.5224471402481043
A_u,R0,0.37612059649230467,0.37612059649230467
A_u,T,0.5958089412266493,0.5958089412266493
A_N,rS,-0.016783136121300526,0.016783136121300526
A_N,rD,-0.00339115152877235,0.00339115152877235
A_N,rR,0.012288370782873276,0.012288370782873276
A_N,dS,-0.1450203681453367,0.1450203681453367
A_N,dD_ratio,-0.028518552564423604,0.028518552564423604
A_N,dR,-0.04533650778048951,0.04533650778048951
A_N,alpha0,0.01634984713822778,0.01634984713822778
A_N,alpha1,0.08855611126536632,0.08855611126536632
A_N,beta,-0.005894534003046503,0.005894534003046503
A_N,eta,0.016515800591669873,0.016515800591669873
A_N,N_on,0.8852010363005506,0.8852010363005506
A_N,hwidth,-0.5513739717371969,0.5513739717371969
A_N,S0,0.4216462447029896,0.4216462447029896
A_N,R0,0.15017432511152276,0.15017432511152276
A_N,T,0.973791190160097,0.973791190160097
N_T,rS,0.07797648004997286,0.07797648004997286
N_T,rD,-0.03334023702952066,0.03334023702952066
N_T,rR,0.05238973116523303,0.05238973116523303
N_T,dS,-0.17705951172618078,0.17705951172618078
N_T,dD_ratio,-0.048963958505288147,0.048963958505288147
N_T,dR,-0.05367786558524959,0.05367786558524959
N_T,alpha0,0.009043158458621758,0.009043158458621758
N_T,alpha1,0.09692210235439976,0.09692210235439976
N_T,beta,0.018591105576864695,0.018591105576864695
N_T,eta,0.036709140092694485,0.036709140092694485
N_T,N_on,0.7636940665276011,0.7636940665276011
N_T,hwidth,-0.4487331900899159,0.4487331900899159
N_T,S0,0.06910722333516865,0.06910722333516865
N_T,R0,0.035832823768829396,0.035832823768829396
N_T,T,0.07055448535997308,0.07055448535997308
N_max,rS,0.10625550388448161,0.10625550388448161
N_max,rD,-0.02694467285026645,0.02694467285026645
N_max,rR,0.05071056799755848,0.05071056799755848
N_max,dS,0.03029900770597332,0.03029900770597332
N_max,dD_ratio,0.0018134869140082656,0.0018134869140082656
N_max,dR,-0.007694456874357172,0.007694456874357172
N_max,alpha0,0.022316622763650186,0.022316622763650186
N_max,alpha1,-0.004425964618683416,0.004425964618683416
N_max,beta,-0.006984606546605725,0.006984606546605725
N_max,eta,0.0004973068118936362,0.0004973068118936362
N_max,N_on,0.9592788914921045,0.9592788914921045
N_max,hwidth,-0.005851664371153844,0.005851664371153844
N_max,S0,0.47189991135537135,0.47189991135537135
N_max,R0,0.20613427406012197,0.20613427406012197
N_max,T,0.076677050983481,0.076677050983481
n_cycles,rS,0.675636480190784,0.675636480190784
n_cycles,rD,0.030364837425926133,0.030364837425926133
n_cycles,rR,0.3670493778653797,0.3670493778653797
n_cycles,dS,-0.1318450682139742,0.1318450682139742
n_cycles,dD_ratio,0.0093996961338177,0.0093996961338177
n_cycles,dR,0.008622091990937001,0.008622091990937001
n_cycles,alpha0,0.025857676955036376,0.025857676955036376
n_cycles,alpha1,0.029150657096616284,0.029150657096616284
n_cycles,beta,-0.044382142058010596,0.044382142058010596
n_cycles,eta,0.04906684425420562,0.04906684425420562
n_cycles,N_on,-0.4287731683240411,0.4287731683240411
n_cycles,hwidth,-0.5416872678900975,0.5416872678900975
n_cycles,S0,0.46602633323858855,0.46602633323858855
n_cycles,R0,0.23901637732320102,0.23901637732320102
n_cycles,T,0.6690045130719173,0.6690045130719173
first_on,rS,-0.7445552864527113,0.7445552864527113
first_on,rD,-0.0870132083864931,0.0870132083864931
first_on,rR,-0.2437330634568634,0.2437330634568634
first_on,dS,-0.001791336419953663,0.001791336419953663
first_on,dD_ratio,-0.020868558615936752,0.020868558615936752
first_on,dR,0.007831764403052978,0.007831764403052978
first_on,alpha0,-0.030826533758784663,0.030826533758784663
first_on,alpha1,-0.017988230069659248,0.017988230069659248
first_on,beta,0.022221294936130082,0.022221294936130082
first_on,eta,-0.025905196108823542,0.025905196108823542
first_on,N_on,0.874634570127409,0.874634570127409
first_on,hwidth,-0.027052567849982723,0.027052567849982723
first_on,S0,-0.9314327530037319,0.9314327530037319
first_on,R0,-0.5603498994323015,0.5603498994323015
first_on,T,0.08643317097346842,0.08643317097346842
